id,tenantid,productid,code,size,unitofmeasure,abv,casesperpallet,priceperunit,isactive,createdat,updatedat,possible_match_product_id,possible_match_product_name,match_confidence,recoverable
bfc9f7f4-8d55-48d6-b511-551c6bef9feb,58b8126a-2d2f-4f55-bc98-5b6784800bed,618aba9d-42f6-4850-84d8-d5122619e1d8,SPA1073,750.000,ml,14,12,0,true,2025-10-18T13:40:04.339+00:00,2025-10-22T03:34:23.270883+00:00,,,0,false
1063b6fd-972a-4a58-9ff8-8b6224cfbddc,58b8126a-2d2f-4f55-bc98-5b6784800bed,2943a49d-fb3e-4d87-be8b-db78a7f507a7,SPA1076,750.000,ml,15,6,0,true,2025-10-18T13:40:04.701+00:00,2025-10-22T03:34:23.270883+00:00,,,0,false
b0f284a1-0164-4b5f-9991-e35b44b45c1b,58b8126a-2d2f-4f55-bc98-5b6784800bed,5c4d793b-5013-4811-abe0-1f284eb78008,ISR1028,750.000,ml,,12,0,true,2025-10-18T13:40:05.761+00:00,2025-10-22T03:34:23.270883+00:00,,,0,false
92815fb3-dee3-4f8e-9084-41b7d60c1a5b,58b8126a-2d2f-4f55-bc98-5b6784800bed,54773fe0-6358-4267-80ff-41d8893ab599,ISR1018,750.000,ml,,12,0,true,2025-10-18T13:40:07.211+00:00,2025-10-22T03:34:23.270883+00:00,,,0,false
467d8534-388d-46db-9f6b-07a3b04df8dd,58b8126a-2d2f-4f55-bc98-5b6784800bed,2b8391ed-7579-4c0b-a78f-bd240b261a22,ISR1007,750.000,ml,12,12,0,true,2025-10-18T13:40:07.367+00:00,2025-10-22T03:34:23.270883+00:00,,,0,false
8e8a5148-d821-418b-a81a-b7c590a79c2f,58b8126a-2d2f-4f55-bc98-5b6784800bed,5f4f6f0a-ad9f-4cb4-b9ab-ac5129af0740,ISR1002,750.000,ml,14.5,12,0,true,2025-10-18T13:40:07.676+00:00,2025-10-22T03:34:23.270883+00:00,,,0,false
09d4c4f9-c278-4487-a88b-2115b110950b,58b8126a-2d2f-4f55-bc98-5b6784800bed,1b27da25-7801-4a5a-bb76-3cdb41b398ac,RIO1001,750.000,ml,,6,0,true,2025-10-18T13:40:08.05+00:00,2025-10-22T03:34:23.270883+00:00,,,0,false
8ae83a23-d6a4-453e-9b78-05ad82d3f6d0,58b8126a-2d2f-4f55-bc98-5b6784800bed,677123bc-acd4-4dc9-8990-1414aa178c5d,SPA1002,750.000,ml,15,12,0,true,2025-10-18T13:40:10.477+00:00,2025-10-22T03:34:23.270883+00:00,,,0,false
43985107-4854-48fb-a794-aa6ea6496cd9,58b8126a-2d2f-4f55-bc98-5b6784800bed,48e0c552-5247-4960-ab65-c1298d6d3469,ARG1073,750.000,ml,13.5,12,0,true,2025-10-18T13:40:17.545+00:00,2025-10-22T03:34:23.270883+00:00,,,0,false
65248ea2-17b0-4245-ac26-1f32c0529aeb,58b8126a-2d2f-4f55-bc98-5b6784800bed,17b23300-d609-452d-9306-d546e01331b5,CAL1005,750.000,ml,13.5,12,0,true,2025-10-18T13:40:13.775+00:00,2025-10-22T03:34:23.270883+00:00,,,0,false
f2ad370f-f95b-4c5d-bc77-b0bd3288b5fd,58b8126a-2d2f-4f55-bc98-5b6784800bed,59929409-d9e6-4e56-bec0-383a2756b61b,CAL1012,750.000,ml,13.5,12,0,true,2025-10-18T13:40:15.565+00:00,2025-10-22T03:34:23.270883+00:00,,,0,false
8f1c8b98-2145-47a1-b7f7-d30483fbc553,58b8126a-2d2f-4f55-bc98-5b6784800bed,17e5ede5-cb93-4ca4-bec2-80cdbf1d34b9,ITA1139,750.000,ml,13.5,12,0,true,2025-10-18T13:40:15.951+00:00,2025-10-22T03:34:23.270883+00:00,,,0,false
ba89f8f2-bcae-4f55-b8f9-f9528c3a07f9,58b8126a-2d2f-4f55-bc98-5b6784800bed,053d862d-2114-4a8e-8aab-13cbef3fa0a6,ARG1064,750.000,ml,13.5,12,0,true,2025-10-18T13:40:17.772+00:00,2025-10-22T03:34:23.270883+00:00,,,0,false
13a4e8db-dcd7-4604-a0b7-52f98a4eb51f,58b8126a-2d2f-4f55-bc98-5b6784800bed,26b9b3a6-a686-4922-b139-43ddddbd5b7d,ITA1003,750.000,ml,11.5,12,0,true,2025-10-18T13:40:18.38+00:00,2025-10-22T03:34:23.270883+00:00,,,0,false
3309faa7-cc7b-40c5-bf82-8b0dec13e4ee,58b8126a-2d2f-4f55-bc98-5b6784800bed,7f493460-a428-4ee1-b501-42518f676bd6,ITA1083,187.000,ml,11.5,24,0,true,2025-10-18T13:40:18.849+00:00,2025-10-22T03:34:23.270883+00:00,,,0,false
4db816ec-79b2-419d-b3d9-a378527c847a,58b8126a-2d2f-4f55-bc98-5b6784800bed,25cd0557-de92-4ace-a080-6859d82f18f5,NWZ1026,750.000,ml,13.5,12,0,true,2025-10-18T13:40:19.545+00:00,2025-10-22T03:34:23.270883+00:00,,,0,false
d45fd63c-76ef-4155-9bc5-3833d3e651af,58b8126a-2d2f-4f55-bc98-5b6784800bed,571307d7-e28e-4038-8cbb-81d19ae473a5,CAL1061,750.000,ml,13.8,12,0,true,2025-10-18T13:40:19.783+00:00,2025-10-22T03:34:23.270883+00:00,,,0,false
031c8676-f403-455c-a78c-34753fb586bf,58b8126a-2d2f-4f55-bc98-5b6784800bed,ad99b61c-4839-4b84-ba82-57f8f75dc962,CAL1063,750.000,ml,14.9,12,0,true,2025-10-18T13:40:21.446+00:00,2025-10-22T03:34:23.270883+00:00,,,0,false
9b4e5396-b00a-4b68-9934-2b494828eab5,58b8126a-2d2f-4f55-bc98-5b6784800bed,3261299b-e5b9-4417-95b6-fb2b932a6d6f,SPA1072,750.000,ml,14.5,12,0,true,2025-10-18T13:40:03.886+00:00,2025-10-22T03:34:23.270883+00:00,,,0,false
26e873c3-9dca-455d-bbaf-9824f0ae5874,58b8126a-2d2f-4f55-bc98-5b6784800bed,640a64a3-9a1e-4c25-a66a-f8e5d246e93c,POR1040,750.000,ml,13.5,12,0,true,2025-10-18T13:40:35.855+00:00,2025-10-22T03:34:23.270883+00:00,,,0,false
bdcd0ee8-6613-45ba-878b-bed476a5a36f,58b8126a-2d2f-4f55-bc98-5b6784800bed,0fc22246-6d5d-42b4-aaa7-4664669ecc9b,WAS1013,750.000,ml,14.7,12,0,true,2025-10-18T13:40:25.847+00:00,2025-10-22T03:34:23.270883+00:00,,,0,false
2563d594-6be2-4e2e-a45c-f9e0180aa785,58b8126a-2d2f-4f55-bc98-5b6784800bed,52ddd38e-2cdd-4459-b453-93de21566b12,NON1013,750.000,ml,0,12,0,true,2025-10-18T13:40:26.46+00:00,2025-10-22T03:34:23.270883+00:00,,,0,false
c819cedc-0811-4cba-84aa-69e9772916ac,58b8126a-2d2f-4f55-bc98-5b6784800bed,5eafcbe8-d106-4b40-a4ff-7203b73fff40,AUS1048,750.000,ml,14,12,0,true,2025-10-18T13:40:27.144+00:00,2025-10-22T03:34:23.270883+00:00,,,0,false
9444a722-d902-4248-995f-53c8c3220aa1,58b8126a-2d2f-4f55-bc98-5b6784800bed,7e62d2a8-e4b6-4348-b587-8db633629c58,ITA1059,750.000,ml,11,12,0,true,2025-10-18T13:40:27.288+00:00,2025-10-22T03:34:23.270883+00:00,,,0,false
59e4ad1e-a216-4928-8549-fa289bdf08a0,58b8126a-2d2f-4f55-bc98-5b6784800bed,cdfd5272-3f69-41c7-a1ad-fd6e8e8af46d,SAF1049,750.000,ml,14,12,0,true,2025-10-18T13:40:27.759+00:00,2025-10-22T03:34:23.270883+00:00,,,0,false
04548999-3e02-45a7-bf2e-2e4d9253d6e1,58b8126a-2d2f-4f55-bc98-5b6784800bed,889b8eef-b9c2-4fa9-ad8b-b78274950066,SAF1046,750.000,ml,12.5,12,0,true,2025-10-18T13:40:27.998+00:00,2025-10-22T03:34:23.270883+00:00,,,0,false
90bdf8d6-2cca-4537-8fbf-abd276bca2fd,58b8126a-2d2f-4f55-bc98-5b6784800bed,1cf17b1c-2f4e-417b-bf58-6401f303d9cf,SAF1053,750.000,ml,,12,0,true,2025-10-18T13:40:28.71+00:00,2025-10-22T03:34:23.270883+00:00,,,0,false
86823ce1-e279-4ccd-af3f-1c26247be8ec,58b8126a-2d2f-4f55-bc98-5b6784800bed,4dc00eab-663e-406f-ba6f-385267df3f40,SAF1096,750.000,ml,,12,0,true,2025-10-18T13:40:28.866+00:00,2025-10-22T03:34:23.270883+00:00,,,0,false
7dd2f401-bad2-4978-9449-2852ce2ad3ff,58b8126a-2d2f-4f55-bc98-5b6784800bed,047016a4-47db-47a5-9c4f-76482bbe317f,SAF1097,750.000,ml,14,12,0,true,2025-10-18T13:40:29.182+00:00,2025-10-22T03:34:23.270883+00:00,,,0,false
d9070ff6-a1bb-4f06-be93-b08687523d42,58b8126a-2d2f-4f55-bc98-5b6784800bed,16c3bae5-c5c1-426b-9b9a-523dc49096e5,SAF1051,750.000,ml,14,12,0,true,2025-10-18T13:40:29.331+00:00,2025-10-22T03:34:23.270883+00:00,,,0,false
63747f8a-c43a-4fff-a34b-ae47245dd536,58b8126a-2d2f-4f55-bc98-5b6784800bed,e912642b-5a04-424f-b4ef-9910d12fbce0,SAF1101,750.000,ml,,12,0,true,2025-10-18T13:40:30.027+00:00,2025-10-22T03:34:23.270883+00:00,,,0,false
1e3e6d7a-9075-4142-9698-5c1e9261c223,58b8126a-2d2f-4f55-bc98-5b6784800bed,12392c9b-9ddb-4920-b902-c092b8ff1bdf,SAF1056,750.000,ml,12,12,0,true,2025-10-18T13:40:30.252+00:00,2025-10-22T03:34:23.270883+00:00,,,0,false
c3c782f6-3956-4888-81af-62d2ffcbf7a0,58b8126a-2d2f-4f55-bc98-5b6784800bed,57f9848c-05c9-4d30-95c0-bbc0399c5620,SAF1118,750.000,ml,13.5,12,0,true,2025-10-18T13:40:31.335+00:00,2025-10-22T03:34:23.270883+00:00,,,0,false
bbc855c6-db16-488d-bb6a-8a3e30a5bfd5,58b8126a-2d2f-4f55-bc98-5b6784800bed,4817865a-6ebc-48e8-b425-3b17b7a82826,SAF1117,750.000,ml,13,12,0,true,2025-10-18T13:40:31.794+00:00,2025-10-22T03:34:23.270883+00:00,,,0,false
8ff952be-caad-48ed-943c-00fc72ea3db3,58b8126a-2d2f-4f55-bc98-5b6784800bed,a5a10388-7281-4f41-b88d-e0862f204656,SAMPLE,750.000,ml,14,12,0,true,2025-10-18T13:40:23.812+00:00,2025-10-22T03:34:23.270883+00:00,,,0,false
fdce6b4c-ac40-4334-bd63-9beeed321871,58b8126a-2d2f-4f55-bc98-5b6784800bed,77684f20-b778-4ad9-be8e-9d0bf6f797ef,SPA1165,750.000,ml,5.5,12,0,true,2025-10-18T13:40:33.018+00:00,2025-10-22T03:34:23.270883+00:00,,,0,false
eea58661-594c-41e7-be1a-44b7b9412a24,58b8126a-2d2f-4f55-bc98-5b6784800bed,5ab8cd1f-1870-4bbe-9cce-9156fcd26d62,SPA1134,750.000,ml,5.5,12,0,true,2025-10-18T13:40:33.251+00:00,2025-10-22T03:34:23.270883+00:00,,,0,false
17f9de15-9e5a-4823-a482-8243cf2467d1,58b8126a-2d2f-4f55-bc98-5b6784800bed,4c12f7f2-b8df-4e3f-9825-1070d0150310,SPA1142,750.000,ml,13.5,6,0,true,2025-10-18T13:40:36.554+00:00,2025-10-22T03:34:23.270883+00:00,,,0,false
b69bc3a7-1a9e-4ecc-bd02-c398de7cc215,58b8126a-2d2f-4f55-bc98-5b6784800bed,5ae0c51d-aa9a-44b2-8bbc-a4f02d59c285,SPA1143,750.000,ml,14.5,6,0,true,2025-10-18T13:40:36.948+00:00,2025-10-22T03:34:23.270883+00:00,,,0,false
b73ab385-7046-4c30-b910-5566d9c8c6c6,58b8126a-2d2f-4f55-bc98-5b6784800bed,5d2b04b9-f5bd-4402-889b-473037dac214,CAL1250,187.000,ml,11,12,0,true,2025-10-18T13:40:37.412+00:00,2025-10-22T03:34:23.270883+00:00,,,0,false
0dd03188-c41e-4a55-b1cc-4327cced8960,58b8126a-2d2f-4f55-bc98-5b6784800bed,52e82567-7f4a-46a3-8488-b9d0cc39a7d1,SAF1121,750.000,ml,14.5,12,0,true,2025-10-18T13:40:38.236+00:00,2025-10-22T03:34:23.270883+00:00,,,0,false
263f4455-dd0c-4bd8-a4cc-59af03841455,58b8126a-2d2f-4f55-bc98-5b6784800bed,606da541-4d81-46ec-be5b-cf0fd2e9c447,SAF1084,750.000,ml,13.17,12,0,true,2025-10-18T13:40:39.31+00:00,2025-10-22T03:34:23.270883+00:00,,,0,false
dc9d9c9f-1809-4022-825b-6f33c155c1aa,58b8126a-2d2f-4f55-bc98-5b6784800bed,09cc47d5-f1be-4935-88c1-aeb1a4a7f425,SAF1008,750.000,ml,13.5,12,0,true,2025-10-18T13:40:40.853+00:00,2025-10-22T03:34:23.270883+00:00,,,0,false
b11b5022-6f86-4032-91a9-8ea2eccbd3b8,58b8126a-2d2f-4f55-bc98-5b6784800bed,76e8c0f2-590c-42fd-9ba3-6ee7c683d2d2,ARG1029,750.000,ml,14,12,0,true,2025-10-18T13:40:41.472+00:00,2025-10-22T03:34:23.270883+00:00,,,0,false
f89464e9-605d-42c1-bf77-b6786e4a6fe6,58b8126a-2d2f-4f55-bc98-5b6784800bed,7cf19a7a-f740-44db-a8cc-550f62a0edfa,ARG1021,750.000,ml,15,12,0,true,2025-10-18T13:40:41.786+00:00,2025-10-22T03:34:23.270883+00:00,,,0,false
508e1f7f-0d85-4fc7-891e-c3afb2d02a90,58b8126a-2d2f-4f55-bc98-5b6784800bed,f21b4e7b-ca25-4b4b-b83f-41fbcb2eaa4f,ARG1033,750.000,ml,15,6,0,true,2025-10-18T13:40:41.935+00:00,2025-10-22T03:34:23.270883+00:00,,,0,false
14d53a2c-c592-4a04-b794-acb098fcbb75,58b8126a-2d2f-4f55-bc98-5b6784800bed,dd67858a-7646-4d42-bc75-ebb815c8b82d,ARG1032,750.000,ml,15,12,0,true,2025-10-18T13:40:42.615+00:00,2025-10-22T03:34:23.270883+00:00,,,0,false
8cec6481-2a4c-4945-85fe-ef2327fbf40e,58b8126a-2d2f-4f55-bc98-5b6784800bed,ff23883e-5d5b-4703-9f4c-78af47514f81,ARG1031,750.000,ml,15,6,0,true,2025-10-18T13:40:42.842+00:00,2025-10-22T03:34:23.270883+00:00,,,0,false
dcccf0f6-46a0-4491-88ed-40279b810c11,58b8126a-2d2f-4f55-bc98-5b6784800bed,7fe77338-d360-4fc6-b6a6-af9bc9c121f1,SPA1223,750.000,ml,14.1,12,0,true,2025-10-18T13:40:43.692+00:00,2025-10-22T03:34:23.270883+00:00,,,0,false
4a4836cf-cb0d-487a-ae3e-d5836fa66eee,58b8126a-2d2f-4f55-bc98-5b6784800bed,515742f4-c7ce-4db8-8911-03056cfdd96d,SPA1171,750.000,ml,15.5,6,0,true,2025-10-18T13:40:44.067+00:00,2025-10-22T03:34:23.270883+00:00,,,0,false
143c1a57-9cc2-40fe-a5fc-c76a556b2f35,58b8126a-2d2f-4f55-bc98-5b6784800bed,17520a8a-9318-4ed1-8cfd-d5b69fa2ead4,SPA1259,750.000,ml,14,6,0,true,2025-10-18T13:40:45.6+00:00,2025-10-22T03:34:23.270883+00:00,,,0,false
956897ca-5c0c-4e33-89c0-11810954961c,58b8126a-2d2f-4f55-bc98-5b6784800bed,38626f0e-d7ae-44e2-bb4b-20497832a49d,SPA1097,750.000,ml,13.5,12,0,true,2025-10-18T13:40:46.538+00:00,2025-10-22T03:34:23.270883+00:00,,,0,false
646f5ffd-e599-40f2-9292-8be5d40f8ee5,58b8126a-2d2f-4f55-bc98-5b6784800bed,4ef485d8-ef14-4071-b0bf-7b5ac8a84e2b,SPA1250,750.000,ml,14,12,0,true,2025-10-18T13:40:47.155+00:00,2025-10-22T03:34:23.270883+00:00,,,0,false
742a71ad-26ea-4d07-a768-b5c7315c1427,58b8126a-2d2f-4f55-bc98-5b6784800bed,5659a54d-fc64-43ac-ad03-c79cb75fbbe5,SPA1094,750.000,ml,13.5,12,0,true,2025-10-18T13:40:48.7+00:00,2025-10-22T03:34:23.270883+00:00,,,0,false
10e16e77-cf8e-4b0b-a8d0-8d78bad2ff60,58b8126a-2d2f-4f55-bc98-5b6784800bed,57ec854c-779a-42b0-ad52-3f3929c7c3a5,SPA1301,750.000,ml,14.5,12,0,true,2025-10-18T13:40:50.367+00:00,2025-10-22T03:34:23.270883+00:00,,,0,false
956c27ef-2bea-4852-8dce-4ea9ee8b4b0c,58b8126a-2d2f-4f55-bc98-5b6784800bed,53005e7a-5288-445f-a817-475e19fa1d43,SAF1092,750.000,ml,,12,0,true,2025-10-18T13:40:53.35+00:00,2025-10-22T03:34:23.270883+00:00,,,0,false
989d0e24-d207-48b3-8551-a0e59a116638,58b8126a-2d2f-4f55-bc98-5b6784800bed,1b973464-40ec-4432-bc28-1706e1c5edcc,SPA1356,750.000,ml,12,12,0,true,2025-10-18T13:40:56.451+00:00,2025-10-22T03:34:23.270883+00:00,,,0,false
f3562da6-43ba-4ad7-9ef1-44e394131863,58b8126a-2d2f-4f55-bc98-5b6784800bed,819184ae-c455-4136-aa00-37d7ab9f210b,SPA1257,750.000,ml,11.5,6,0,true,2025-10-18T13:40:56.601+00:00,2025-10-22T03:34:23.270883+00:00,,,0,false
e9103e8e-6ba2-4477-9ff3-2cdaa4f8cd6c,58b8126a-2d2f-4f55-bc98-5b6784800bed,812fd372-7744-49ab-b566-8bc56d4cf948,VIR1052,750.000,ml,13.5,12,0,true,2025-10-18T13:40:58.128+00:00,2025-10-22T03:34:23.270883+00:00,,,0,false
95c7eccb-9b10-4702-a7f1-2f48e6f52edf,58b8126a-2d2f-4f55-bc98-5b6784800bed,3209a7de-afa7-4def-ad70-ab256bd24813,VIR1083,750.000,ml,14,12,0,true,2025-10-18T13:40:59.443+00:00,2025-10-22T03:34:23.270883+00:00,,,0,false
9cf6ac5d-95fb-4e37-ac55-c7b666bbbf1d,58b8126a-2d2f-4f55-bc98-5b6784800bed,7ca5993f-753c-42bb-bf81-8ab2f9c19781,SAF1035,750.000,ml,14.5,12,0,true,2025-10-18T13:40:53.122+00:00,2025-10-22T03:34:23.270883+00:00,,,0,false
db19cb5d-efcf-46d1-88bd-470cde2b3881,58b8126a-2d2f-4f55-bc98-5b6784800bed,ba6ab8d8-25d2-4f88-8a88-4eef1bd34e79,VIR1035,750.000,ml,14,12,0,true,2025-10-18T13:41:01.723+00:00,2025-10-22T03:34:23.270883+00:00,,,0,false
47cc2170-faf8-41a5-a2d9-1ed4d3b43a20,58b8126a-2d2f-4f55-bc98-5b6784800bed,41810f99-716d-47dc-b030-ce64eb791093,VIR1034,750.000,ml,13,12,0,true,2025-10-18T13:41:02.227+00:00,2025-10-22T03:34:23.270883+00:00,,,0,false
b9894f93-0a81-408e-bc92-89c170e1a5df,58b8126a-2d2f-4f55-bc98-5b6784800bed,19c5c913-adb5-45b3-a6b2-a2cad0312cc0,VIR1059,750.000,ml,,12,0,true,2025-10-18T13:41:04.8+00:00,2025-10-22T03:34:23.270883+00:00,,,0,false
3bb95d59-6bad-4795-bc21-e3f1bead1c62,58b8126a-2d2f-4f55-bc98-5b6784800bed,01b2ca57-5fcd-4ac0-9d0b-808d0db3e419,FRA1048,750.000,ml,11.5,12,0,true,2025-10-18T13:41:06.938+00:00,2025-10-22T03:34:23.270883+00:00,,,0,false
3a529a2f-f4ee-4a76-9255-bd56b12f7ba8,58b8126a-2d2f-4f55-bc98-5b6784800bed,80507926-56ec-439c-a15c-ff58bc883293,CHL1011,750.000,ml,15.5,6,0,true,2025-10-18T13:41:07.501+00:00,2025-10-22T03:34:23.270883+00:00,,,0,false
0ae2c3af-a897-4d94-b4fc-a67f00cac918,58b8126a-2d2f-4f55-bc98-5b6784800bed,3108a11c-d5da-4cae-a0f8-a7f335e0c1aa,CHL1023,750.000,ml,12.8,6,0,true,2025-10-18T13:41:08.638+00:00,2025-10-22T03:34:23.270883+00:00,,,0,false
9b18e936-662e-4a99-83cb-69ea5cabe35f,58b8126a-2d2f-4f55-bc98-5b6784800bed,45593114-ce49-467f-a1a4-91a49562be52,CHL1017,750.000,ml,15.2,6,0,true,2025-10-18T13:41:09.155+00:00,2025-10-22T03:34:23.270883+00:00,,,0,false
e465b19f-fdf3-4e23-8629-b492cc077e47,58b8126a-2d2f-4f55-bc98-5b6784800bed,541fb866-dc75-45ec-b4ed-38bf7f944dd1,CAL1221,750.000,ml,,12,0,true,2025-10-18T13:41:10.187+00:00,2025-10-22T03:34:23.270883+00:00,,,0,false
8e8f2e8d-992b-41d5-9876-6feda8636fdc,58b8126a-2d2f-4f55-bc98-5b6784800bed,05f12a60-6daa-4bf7-bd1c-9601f0620bf5,ITA1157,750.000,ml,13,12,0,true,2025-10-18T13:41:12.058+00:00,2025-10-22T03:34:23.270883+00:00,,,0,false
1d59e418-c347-4522-b5e0-d74114a59d25,58b8126a-2d2f-4f55-bc98-5b6784800bed,ab46f02e-875c-44d9-b5c3-dae36e41097f,FRA1148,750.000,ml,12.5,12,0,true,2025-10-18T13:41:12.496+00:00,2025-10-22T03:34:23.270883+00:00,,,0,false
37608e14-afd7-4db7-960f-40cc1203c9e8,58b8126a-2d2f-4f55-bc98-5b6784800bed,0e647d1b-def4-4811-b680-ed0317a20a57,CAL1095,750.000,ml,13.5,12,0,true,2025-10-18T13:41:12.8+00:00,2025-10-22T03:34:23.270883+00:00,,,0,false
b8da425f-55e5-404a-8570-82fa85e4327b,58b8126a-2d2f-4f55-bc98-5b6784800bed,1947820d-fa3f-4534-8444-01e80c0b4644,CAL1274,750.000,ml,13,12,0,true,2025-10-18T13:41:13.085+00:00,2025-10-22T03:34:23.270883+00:00,,,0,false
2d019d8d-142a-4688-b8ca-b70045ba221a,58b8126a-2d2f-4f55-bc98-5b6784800bed,3e146637-2b4f-4533-aac4-ac5bb668e44b,POR1031,750.000,ml,14,6,0,true,2025-10-18T13:41:15.397+00:00,2025-10-22T03:34:23.270883+00:00,,,0,false
1b3fe667-2379-4c71-a494-9854759316c7,58b8126a-2d2f-4f55-bc98-5b6784800bed,5e556adc-1e4a-484d-8e7d-924e14db9679,CAL1389,20.000,l,13.5,1,0,true,2025-10-18T13:41:16.566+00:00,2025-10-22T03:34:23.270883+00:00,,,0,false
e37a6b97-d5d5-4921-a18e-42ebbee50d7c,58b8126a-2d2f-4f55-bc98-5b6784800bed,0e87458f-f36f-4900-aee9-679814b3d15a,CAL1243,750.000,ml,13.5,12,0,true,2025-10-18T13:41:16.705+00:00,2025-10-22T03:34:23.270883+00:00,,,0,false
9cfc162f-e41d-48bb-b74a-805711eb2be6,58b8126a-2d2f-4f55-bc98-5b6784800bed,4f33421c-e55e-480f-a365-81560d60f464,CAL1322,250.000,ml,,24,0,true,2025-10-18T13:41:17.272+00:00,2025-10-22T03:34:23.270883+00:00,,,0,false
eaca83a8-caf6-46b8-a704-0a7db3e77fd9,58b8126a-2d2f-4f55-bc98-5b6784800bed,26946da1-f222-4f83-911a-d6f2494c5a75,CAL1245,750.000,ml,14.82,12,0,true,2025-10-18T13:41:17.692+00:00,2025-10-22T03:34:23.270883+00:00,,,0,false
689b44e6-053c-4764-bcaa-0c575855a22a,58b8126a-2d2f-4f55-bc98-5b6784800bed,809a6fb9-3026-465a-8cfd-ffe8fc527049,CHL1005,750.000,ml,13.5,12,0,true,2025-10-18T13:41:17.967+00:00,2025-10-22T03:34:23.270883+00:00,,,0,false
a0483456-95e8-488c-94a8-65da623d36db,58b8126a-2d2f-4f55-bc98-5b6784800bed,4ac29ef7-6c5d-4077-af41-8d621dd3f685,CHL1004,750.000,ml,13.5,12,0,true,2025-10-18T13:41:18.254+00:00,2025-10-22T03:34:23.270883+00:00,,,0,false
1878cbcc-0f4f-484a-9ef2-2616dfdcecc8,58b8126a-2d2f-4f55-bc98-5b6784800bed,239a001b-64f0-4f67-961d-1c085507d0cd,FRA1050,375.000,ml,12,12,0,true,2025-10-18T13:41:18.69+00:00,2025-10-22T03:34:23.270883+00:00,,,0,false
b8225c6e-d9b8-426d-a083-90a115acc083,58b8126a-2d2f-4f55-bc98-5b6784800bed,91b0c31a-5fc4-4a23-8ca6-5eaeb775bafa,FRA1020,750.000,ml,12,6,0,true,2025-10-18T13:41:19.803+00:00,2025-10-22T03:34:23.270883+00:00,,,0,false
21e58bfa-e52c-4051-ab90-ad18144911c9,58b8126a-2d2f-4f55-bc98-5b6784800bed,eec3cfbb-93ab-481d-9a2d-d179c9c22327,FRA1006,750.000,ml,13,12,0,true,2025-10-18T13:41:21.317+00:00,2025-10-22T03:34:23.270883+00:00,,,0,false
e4fd2c46-d206-4ad1-9e37-a8e699852e7a,58b8126a-2d2f-4f55-bc98-5b6784800bed,071c239b-22ec-4aa6-9ddb-f4afde12eccf,SPA1317,750.000,ml,13,12,0,true,2025-10-18T13:41:22.057+00:00,2025-10-22T03:34:23.270883+00:00,,,0,false
9dcb0198-0597-4211-ad08-6262d80372bc,58b8126a-2d2f-4f55-bc98-5b6784800bed,790b77d4-cc29-4022-bf2a-17fe7cbb4bbd,FRA1069,750.000,ml,13,12,0,true,2025-10-18T13:41:24.647+00:00,2025-10-22T03:34:23.270883+00:00,,,0,false
9055d438-8923-4780-8ff8-626ee1fbe272,58b8126a-2d2f-4f55-bc98-5b6784800bed,1e3096f2-66fb-43da-ba08-5d744fe72339,FRA1028,750.000,ml,14.5,12,0,true,2025-10-18T13:41:25.667+00:00,2025-10-22T03:34:23.270883+00:00,,,0,false
faf38181-f7ad-433c-af19-086322afd3a4,58b8126a-2d2f-4f55-bc98-5b6784800bed,55720a42-fb2e-4c11-85bc-65e43ddc457a,FRA1086,750.000,ml,14,12,0,true,2025-10-18T13:41:26.682+00:00,2025-10-22T03:34:23.270883+00:00,,,0,false
961ae116-0841-4d0d-a3e2-d186f169ff1e,58b8126a-2d2f-4f55-bc98-5b6784800bed,56406a8f-1e89-4087-bce5-32a9842753dd,FRA1051,250.000,ml,12.5,24,0,true,2025-10-18T13:41:26.823+00:00,2025-10-22T03:34:23.270883+00:00,,,0,false
367579d6-9507-458f-9b43-373dcd36a512,58b8126a-2d2f-4f55-bc98-5b6784800bed,018b6ff7-2d4e-4700-ab16-4240773dfc18,FRA1034,750.000,ml,13,12,0,true,2025-10-18T13:41:27.406+00:00,2025-10-22T03:34:23.270883+00:00,,,0,false
094a0025-753d-4d74-9a66-b41ef52ba50f,58b8126a-2d2f-4f55-bc98-5b6784800bed,a576220d-dfb3-42f8-8520-080c00cbea9e,CAL1385,750.000,ml,13.7,12,0,true,2025-10-18T13:41:27.83+00:00,2025-10-22T03:34:23.270883+00:00,,,0,false
6b2a01e4-53a8-40dc-a1d7-74db7c691b0f,58b8126a-2d2f-4f55-bc98-5b6784800bed,5e67ea4c-3905-42c9-8b92-b044e3f7f477,CAL1383,750.000,ml,13.1,12,0,true,2025-10-18T13:41:27.98+00:00,2025-10-22T03:34:23.270883+00:00,,,0,false
431dbac2-2e1e-44ba-b52c-7c0cfbced160,58b8126a-2d2f-4f55-bc98-5b6784800bed,4e14566c-2cd9-4cb3-9257-59c92531c1c0,CAL1384,750.000,ml,13.8,12,0,true,2025-10-18T13:41:28.125+00:00,2025-10-22T03:34:23.270883+00:00,,,0,false
9dc54167-dcb6-46e9-a813-5071a40fe8e1,58b8126a-2d2f-4f55-bc98-5b6784800bed,b96ea53c-2fdb-4c8c-9127-e843e38e48ed,CAL1382,750.000,ml,13.3,12,0,true,2025-10-18T13:41:28.268+00:00,2025-10-22T03:34:23.270883+00:00,,,0,false
487d0f95-c553-427c-9239-77aaa1020559,58b8126a-2d2f-4f55-bc98-5b6784800bed,52461e38-2140-4d72-87d9-65eed3595664,CAL1376,750.000,ml,14,12,0,true,2025-10-18T13:41:28.409+00:00,2025-10-22T03:34:23.270883+00:00,,,0,false
918c305a-7b7f-4b0e-8138-e3e9fffd3e0e,58b8126a-2d2f-4f55-bc98-5b6784800bed,338c1f58-aeee-496c-a728-9606970a6fd8,FRA1137,750.000,ml,13.5,12,0,true,2025-10-18T13:41:28.694+00:00,2025-10-22T03:34:23.270883+00:00,,,0,false
7366bdbb-8ae2-4a97-b187-ea9814cb2ad1,58b8126a-2d2f-4f55-bc98-5b6784800bed,31783a4d-a7f0-4f8e-9ca8-406689ce3db2,CAL1368,750.000,ml,13,12,0,true,2025-10-18T13:41:29.835+00:00,2025-10-22T03:34:23.270883+00:00,,,0,false
3e05c317-755b-4704-91be-d1ee84eb5aa3,58b8126a-2d2f-4f55-bc98-5b6784800bed,78c64ce6-3859-4453-a414-38d4346a8d01,POR1027,750.000,ml,,12,0,true,2025-10-18T13:41:29.982+00:00,2025-10-22T03:34:23.270883+00:00,,,0,false
3fd79b26-7470-479b-b20e-d99ba0138734,58b8126a-2d2f-4f55-bc98-5b6784800bed,49cc6d24-7bbb-4c19-832e-29011decd399,ITA1068,750.000,ml,12.5,12,0,true,2025-10-18T13:41:31.924+00:00,2025-10-22T03:34:23.270883+00:00,,,0,false
e736e722-1679-4ac7-81cf-4cacacfdbb18,58b8126a-2d2f-4f55-bc98-5b6784800bed,386ed19f-ce13-4c05-a6e2-a7544225d7ec,SPA1354,750.000,ml,14,6,0,true,2025-10-18T13:41:36.139+00:00,2025-10-22T03:34:23.270883+00:00,,,0,false
de9151ec-e530-4eea-8b29-c2e72f319f25,58b8126a-2d2f-4f55-bc98-5b6784800bed,3a834ae0-f543-481e-b123-4e16c5a0c5bc,SPA1316,750.000,ml,13,12,0,true,2025-10-18T13:41:37.253+00:00,2025-10-22T03:34:23.270883+00:00,,,0,false
33da7a2e-362c-4349-9af3-06cf21caf67e,58b8126a-2d2f-4f55-bc98-5b6784800bed,47d4a2f2-35ac-407f-8223-a5aa934b07b2,POR1023,750.000,ml,13.5,12,0,true,2025-10-18T13:41:37.525+00:00,2025-10-22T03:34:23.270883+00:00,,,0,false
8d3953c0-34b3-4973-a966-06f0f9ad3808,58b8126a-2d2f-4f55-bc98-5b6784800bed,857796aa-49b2-4c24-b053-1dd55984db83,POR1024,750.000,ml,11,12,0,true,2025-10-18T13:41:37.388+00:00,2025-10-22T03:34:23.270883+00:00,,,0,false
a8f76966-a33f-4c1f-accd-09700aa19fc5,58b8126a-2d2f-4f55-bc98-5b6784800bed,48673c00-a04f-4b45-8c93-d9ffd0fbbe9e,FRA1123,750.000,ml,13,12,0,true,2025-10-18T13:41:38.492+00:00,2025-10-22T03:34:23.270883+00:00,,,0,false
9a72bfdd-ba68-4d53-a558-21095089b075,58b8126a-2d2f-4f55-bc98-5b6784800bed,3ab4ac55-a64a-413e-b0b1-5114bd6c935f,SPA1232,750.000,ml,12.5,12,0,true,2025-10-18T13:41:41.171+00:00,2025-10-22T03:34:23.270883+00:00,,,0,false
1bb839f4-6d50-4e1f-9f70-48c7d3db60bc,58b8126a-2d2f-4f55-bc98-5b6784800bed,15f74b65-0110-4e29-b9dd-0fb4e3f3e7be,ITA1037,750.000,ml,15.5,6,0,true,2025-10-18T13:41:42.198+00:00,2025-10-22T03:34:23.270883+00:00,,,0,false
cf04b279-df03-4f37-9095-f2372e9684b5,58b8126a-2d2f-4f55-bc98-5b6784800bed,7cf490bf-68a7-42dd-844b-3a5606457d0e,WAS1024,750.000,ml,,12,0,true,2025-10-18T13:41:43.181+00:00,2025-10-22T03:34:23.270883+00:00,,,0,false
9bbc075c-d574-46bc-9195-a21365aa8e33,58b8126a-2d2f-4f55-bc98-5b6784800bed,5acf157d-1942-47b0-b376-6160e4a8fefb,CAL1152,750.000,ml,,12,0,true,2025-10-18T13:41:43.877+00:00,2025-10-22T03:34:23.270883+00:00,,,0,false
b28976fa-56aa-4bb4-a7aa-cb2369efc500,58b8126a-2d2f-4f55-bc98-5b6784800bed,672244c7-8d14-49c0-af85-9508ac30b4d3,ORO1011,187.000,ml,13.1,24,0,true,2025-10-18T13:41:45.415+00:00,2025-10-22T03:34:23.270883+00:00,,,0,false
691d632b-dede-47c8-8d56-6822bb9f7b74,58b8126a-2d2f-4f55-bc98-5b6784800bed,a72b2c15-5590-4d01-8b28-d2367a9372fc,ORO1009,187.000,ml,,24,0,true,2025-10-18T13:41:45.556+00:00,2025-10-22T03:34:23.270883+00:00,,,0,false
dae5265c-f6e8-4231-b6ee-07b295bbaf31,58b8126a-2d2f-4f55-bc98-5b6784800bed,1edfb40c-0e37-4658-91d7-bbd9b366ee2d,CAL1259,750.000,ml,,12,0,true,2025-10-18T13:41:45.986+00:00,2025-10-22T03:34:23.270883+00:00,,,0,false
7ef8ed90-13d5-443c-8f64-efea1d67734e,58b8126a-2d2f-4f55-bc98-5b6784800bed,152a905d-012a-48b0-acc7-116dae9a9c0b,NON1009,750.000,ml,,12,0,true,2025-10-18T13:41:47.14+00:00,2025-10-22T03:34:23.270883+00:00,,,0,false
c67c5f7c-4dfa-4861-b95b-4e5af9b2dacc,58b8126a-2d2f-4f55-bc98-5b6784800bed,4ce50aa3-232b-4bf8-be66-038331d1b3bb,NON1007,750.000,ml,,12,0,true,2025-10-18T13:41:47.578+00:00,2025-10-22T03:34:23.270883+00:00,,,0,false
74fb4af9-6067-4bb7-bdd1-638a9be4636d,58b8126a-2d2f-4f55-bc98-5b6784800bed,5cf7ecf6-2e44-48b7-b5dc-8233d151ff3a,FRA1133,750.000,ml,12.5,12,0,true,2025-10-18T13:41:48.285+00:00,2025-10-22T03:34:23.270883+00:00,,,0,false
81735832-e1ed-4399-8471-c01083ab529c,58b8126a-2d2f-4f55-bc98-5b6784800bed,5615a2e6-e042-4d4b-a77a-9f0b24260f67,FRA1135,750.000,ml,12.5,12,0,true,2025-10-18T13:41:48.722+00:00,2025-10-22T03:34:23.270883+00:00,,,0,false
fc11de80-e001-44ba-b70c-7f9e70eefc1d,58b8126a-2d2f-4f55-bc98-5b6784800bed,03ddeb2e-a16b-430c-91ea-8360f66654d5,FRA1093,750.000,ml,13,12,0,true,2025-10-18T13:41:50.189+00:00,2025-10-22T03:34:23.270883+00:00,,,0,false
98082340-1928-42db-aedf-cbd1aed9959c,58b8126a-2d2f-4f55-bc98-5b6784800bed,2638e69b-e2eb-4c98-80c1-06cd75bf06de,FRA1119,750.000,ml,12,12,0,true,2025-10-18T13:41:51.936+00:00,2025-10-22T03:34:23.270883+00:00,,,0,false
0310423b-57e3-4bf7-bfce-e5ac62ac56da,58b8126a-2d2f-4f55-bc98-5b6784800bed,5309b931-039a-4e90-a67e-c4975eb9b753,FRA1118,750.000,ml,11,12,0,true,2025-10-18T13:41:52.219+00:00,2025-10-22T03:34:23.270883+00:00,,,0,false
f5a4c7a9-854f-452c-ad5d-ddf23eb1d9f8,58b8126a-2d2f-4f55-bc98-5b6784800bed,46379f72-819c-400e-94d0-540558f8d1a9,FRA1101,750.000,ml,13,12,0,true,2025-10-18T13:41:53.499+00:00,2025-10-22T03:34:23.270883+00:00,,,0,false
2d37bc65-e8d8-4726-9445-cba0459a81fa,58b8126a-2d2f-4f55-bc98-5b6784800bed,5218e149-ef5b-49eb-a36f-dd8791c02c7a,FRA1128,750.000,ml,13,12,0,true,2025-10-18T13:41:53.789+00:00,2025-10-22T03:34:23.270883+00:00,,,0,false
8912d68b-7b91-43fd-8fde-adbba889a057,58b8126a-2d2f-4f55-bc98-5b6784800bed,56910b63-b034-4b62-9859-1f366ff98170,FRA1071,750.000,ml,14.5,12,0,true,2025-10-18T13:41:55.155+00:00,2025-10-22T03:34:23.270883+00:00,,,0,false
b6420bc1-739d-47af-adbb-a97089966010,58b8126a-2d2f-4f55-bc98-5b6784800bed,29eb51d0-05ad-42e6-a21c-98d15e8a7bce,FRA1070,750.000,ml,13.5,12,0,true,2025-10-18T13:41:55.297+00:00,2025-10-22T03:34:23.270883+00:00,,,0,false
4ce49cf1-95c5-4a9b-8184-b04ecec839f8,58b8126a-2d2f-4f55-bc98-5b6784800bed,76b6892d-47c5-40e0-b584-8b296be2c80a,FRA1075,750.000,ml,14.5,12,0,true,2025-10-18T13:41:55.886+00:00,2025-10-22T03:34:23.270883+00:00,,,0,false
9fe64f0e-4cab-4a3a-b9fe-62428a1299d8,58b8126a-2d2f-4f55-bc98-5b6784800bed,668d19ac-112c-4e70-b9a1-4c8ec18aafa0,FRA1098,750.000,ml,13.5,12,0,true,2025-10-18T13:41:56.906+00:00,2025-10-22T03:34:23.270883+00:00,,,0,false
16dc0dc8-d377-4d37-bac4-1cde5a9c7f19,58b8126a-2d2f-4f55-bc98-5b6784800bed,840376fc-8894-4b80-88e6-f3b9ad7a495c,FRA1117,750.000,ml,,6,0,true,2025-10-18T13:41:57.614+00:00,2025-10-22T03:34:23.270883+00:00,,,0,false
420de0a3-0fbf-4f34-9b30-fc08c1589faf,58b8126a-2d2f-4f55-bc98-5b6784800bed,50a01ec4-e99e-469a-9d0d-8ad03317f6c9,SPA1243,750.000,ml,13.5,12,0,true,2025-10-18T13:41:58.754+00:00,2025-10-22T03:34:23.270883+00:00,,,0,false
720f09ea-05bb-4f6c-b1e2-c1c3ea29c84b,58b8126a-2d2f-4f55-bc98-5b6784800bed,50aeee65-95da-48ef-8f37-e691010e81f4,SPA1219,750.000,ml,14.5,12,0,true,2025-10-18T13:41:59.044+00:00,2025-10-22T03:34:23.270883+00:00,,,0,false
edf8c123-4b8d-4469-a5a4-3356219bd566,58b8126a-2d2f-4f55-bc98-5b6784800bed,61e39861-9662-407e-9000-dc8cb5fe1d0e,POR1038,750.000,ml,,12,0,true,2025-10-18T13:42:00.515+00:00,2025-10-22T03:34:23.270883+00:00,,,0,false
448db758-c293-4aa9-8354-8860de7b1683,58b8126a-2d2f-4f55-bc98-5b6784800bed,3f370faf-4b13-4a8c-8b40-c133b4324d7a,FRA1147,750.000,ml,12.5,12,0,true,2025-10-18T13:42:01.791+00:00,2025-10-22T03:34:23.270883+00:00,,,0,false
73909c1d-30a5-4d9b-80b1-2b6e5987463c,58b8126a-2d2f-4f55-bc98-5b6784800bed,02412770-dcfb-4577-8ba4-a444fa9cad50,ISR1012,750.000,ml,,12,0,true,2025-10-18T13:42:02.369+00:00,2025-10-22T03:34:23.270883+00:00,,,0,false
0ec23d2f-588b-4613-9dea-e81e9cba74a2,58b8126a-2d2f-4f55-bc98-5b6784800bed,0452f1c4-add6-43a2-89da-51c83f52eae6,ISR1013,750.000,ml,,12,0,true,2025-10-18T13:42:02.515+00:00,2025-10-22T03:34:23.270883+00:00,,,0,false
93a86bb8-f8f2-4630-b521-d1bd098b2f53,58b8126a-2d2f-4f55-bc98-5b6784800bed,14478715-5252-4314-8b7f-658705646bb3,VIR1081,750.000,ml,13.6,12,0,true,2025-10-18T13:42:03.659+00:00,2025-10-22T03:34:23.270883+00:00,,,0,false
3a2adc25-94c7-487d-a46d-2479fe1e4ef3,58b8126a-2d2f-4f55-bc98-5b6784800bed,62147c06-c81b-4b6e-ba0f-3ad2c57ecc5f,VIR1053,750.000,ml,12.9,12,0,true,2025-10-18T13:42:03.803+00:00,2025-10-22T03:34:23.270883+00:00,,,0,false
560893af-d769-43e3-8d55-0e5d0eacedf7,58b8126a-2d2f-4f55-bc98-5b6784800bed,092ff068-c1ef-4bee-8ebf-f51e29a9a75e,ITA1039,750.000,ml,11.5,12,0,true,2025-10-18T13:42:05.508+00:00,2025-10-22T03:34:23.270883+00:00,,,0,false
94b648ce-bd58-41c5-b375-823a14822e88,58b8126a-2d2f-4f55-bc98-5b6784800bed,1ddbcdb1-2ee8-47df-8847-5008975d9f12,ITA1019,750.000,ml,11.5,12,0,true,2025-10-18T13:42:05.653+00:00,2025-10-22T03:34:23.270883+00:00,,,0,false
0fa795f5-7cc9-4e97-8834-15e3535a2579,58b8126a-2d2f-4f55-bc98-5b6784800bed,2e2edc28-3a50-4356-b8d8-18e06624a371,CAL1191,750.000,ml,14.1,12,0,true,2025-10-18T13:42:06.093+00:00,2025-10-22T03:34:23.270883+00:00,,,0,false
0f2d1965-6d8b-41e4-98d7-58a3fdda3109,58b8126a-2d2f-4f55-bc98-5b6784800bed,1920b609-063a-4fce-86bc-697cdecf52d3,CAL1194,750.000,ml,14.1,12,0,true,2025-10-18T13:42:06.236+00:00,2025-10-22T03:34:23.270883+00:00,,,0,false
e703b546-b618-4cb5-99de-d9ee798f66b6,58b8126a-2d2f-4f55-bc98-5b6784800bed,2f519eb0-d3b9-4cb8-a5f3-dad0c62dba47,CAL1195,750.000,ml,14.1,12,0,true,2025-10-18T13:42:06.379+00:00,2025-10-22T03:34:23.270883+00:00,,,0,false
36f9ba78-aa2c-420d-8f61-cd8e3347ffa3,58b8126a-2d2f-4f55-bc98-5b6784800bed,f375ebfa-b98f-4cb3-86e7-43e931387280,SAF1109,750.000,ml,14.39,12,0,true,2025-10-18T13:42:06.526+00:00,2025-10-22T03:34:23.270883+00:00,,,0,false
4151fb4d-b472-46b7-873b-c5f1e1ed23db,58b8126a-2d2f-4f55-bc98-5b6784800bed,4ff76127-39d8-476f-a95b-873c88fba53e,SAF1107,750.000,ml,14,12,0,true,2025-10-18T13:42:06.671+00:00,2025-10-22T03:34:23.270883+00:00,,,0,false
c28e5277-473a-47cd-b0e5-0d8c3a96478a,58b8126a-2d2f-4f55-bc98-5b6784800bed,1a7a4d26-51dd-4afe-9bf5-5be2141ce9c5,SAF1108,750.000,ml,14.7,12,0,true,2025-10-18T13:42:06.82+00:00,2025-10-22T03:34:23.270883+00:00,,,0,false
c23daedf-2093-498e-839b-777150146039,58b8126a-2d2f-4f55-bc98-5b6784800bed,1bd0dcbe-e214-4713-bfb5-85ffa9b9b8e2,NON1031,750.000,ml,,6,0,true,2025-10-18T13:42:08.574+00:00,2025-10-22T03:34:23.270883+00:00,,,0,false
57834048-2836-4e10-a528-e4d48ab9b3f0,58b8126a-2d2f-4f55-bc98-5b6784800bed,e98e828b-3bc5-48e8-8d46-54790b569dd7,NON1039,250.000,ml,,24,0,true,2025-10-18T13:42:08.719+00:00,2025-10-22T03:34:23.270883+00:00,,,0,false
854b9dd8-07ed-417e-b553-ba559e3932ac,58b8126a-2d2f-4f55-bc98-5b6784800bed,7de72ea8-dc71-425a-a727-63471f3f8222,NON1038,250.000,ml,,24,0,true,2025-10-18T13:42:09.054+00:00,2025-10-22T03:34:23.270883+00:00,,,0,false
ed1f0b01-e5dd-48e5-8899-f9d204c5cf6c,58b8126a-2d2f-4f55-bc98-5b6784800bed,68c305d1-e710-468e-b37a-8ced53fa26e0,NON1036,250.000,ml,,24,0,true,2025-10-18T13:42:09.195+00:00,2025-10-22T03:34:23.270883+00:00,,,0,false
1febe501-a097-43d6-a65a-6b8310c2acb4,58b8126a-2d2f-4f55-bc98-5b6784800bed,e86198d4-a548-4f1f-93ab-25e88001bb27,NON1034,750.000,ml,,6,0,true,2025-10-18T13:42:09.34+00:00,2025-10-22T03:34:23.270883+00:00,,,0,false
8b8628c1-53fd-4d4d-a4d9-bd6231780ff2,58b8126a-2d2f-4f55-bc98-5b6784800bed,58a227c9-bba5-4fb0-abfa-004becc9aef2,NON1037,250.000,ml,,24,0,true,2025-10-18T13:42:09.486+00:00,2025-10-22T03:34:23.270883+00:00,,,0,false
dc593bae-6886-43df-bd5b-cb414c8ea347,58b8126a-2d2f-4f55-bc98-5b6784800bed,3aa514aa-359e-40d7-a1d8-e10b7dc2f80a,NON1032,750.000,ml,0,6,0,true,2025-10-18T13:42:09.629+00:00,2025-10-22T03:34:23.270883+00:00,,,0,false
4c0a5364-2866-492f-9058-b5218e65d976,58b8126a-2d2f-4f55-bc98-5b6784800bed,05c8360f-a20d-44a4-a2b0-ea081817837e,ITA1105,750.000,ml,12.5,12,0,true,2025-10-18T13:42:09.772+00:00,2025-10-22T03:34:23.270883+00:00,,,0,false
c5ceda14-cb69-4814-bc9d-cc0b63cebd9d,58b8126a-2d2f-4f55-bc98-5b6784800bed,27ed7ce1-d5e2-49fb-a0b1-934d7da643bd,ITA1107,250.000,ml,10,48,0,true,2025-10-18T13:42:10.08+00:00,2025-10-22T03:34:23.270883+00:00,,,0,false
293abf69-9156-4944-add8-3283b04f057e,58b8126a-2d2f-4f55-bc98-5b6784800bed,05ae4575-8bf7-44dc-8eb6-646daae6522f,SPA1244,750.000,ml,7,12,0,true,2025-10-18T13:42:10.98+00:00,2025-10-22T03:34:23.270883+00:00,,,0,false
0107cedd-581c-4ae5-a0c5-f686883f675c,58b8126a-2d2f-4f55-bc98-5b6784800bed,7dea6e0e-abd1-46a2-a3fd-b0a7f2e59692,FRA1155,750.000,ml,,12,0,true,2025-10-18T13:42:12.129+00:00,2025-10-22T03:34:23.270883+00:00,,,0,false
702ec237-19f2-4acb-b489-b597772421bc,58b8126a-2d2f-4f55-bc98-5b6784800bed,4a6ac26b-a5af-4f6d-a67d-4fde06d13388,FRA1156,750.000,ml,,12,0,true,2025-10-18T13:42:12.276+00:00,2025-10-22T03:34:23.270883+00:00,,,0,false
5f3d7b48-88ce-43a9-ac87-e7d810d7ee96,58b8126a-2d2f-4f55-bc98-5b6784800bed,370b1deb-e11b-4020-a989-39f919a11e9f,ITA1092,750.000,ml,12,12,0,true,2025-10-18T13:42:13.97+00:00,2025-10-22T03:34:23.270883+00:00,,,0,false
7d18b30c-3a70-4e75-abe5-4ac3240278f3,58b8126a-2d2f-4f55-bc98-5b6784800bed,555f9660-3431-43e6-b3a0-8821cb4bc29e,ITA1093,750.000,ml,13,12,0,true,2025-10-18T13:42:14.851+00:00,2025-10-22T03:34:23.270883+00:00,,,0,false
6eeffd5e-8187-4c5e-8491-adbc5ceec361,58b8126a-2d2f-4f55-bc98-5b6784800bed,1f36a6a5-0b04-43cf-afbd-3d3953431efc,ITA1096,750.000,ml,12,12,0,true,2025-10-18T13:42:15.429+00:00,2025-10-22T03:34:23.270883+00:00,,,0,false
76774f7a-6e9c-4519-a14c-301a28019551,58b8126a-2d2f-4f55-bc98-5b6784800bed,7dfc70aa-e3c4-4022-9664-04610af97739,ITA1097,750.000,ml,14,12,0,true,2025-10-18T13:42:15.854+00:00,2025-10-22T03:34:23.270883+00:00,,,0,false
6490fa5e-b6b2-43e4-8484-6d94eaa568a2,58b8126a-2d2f-4f55-bc98-5b6784800bed,0f230a1a-f9ac-4bde-a92f-e2ae3b5a40b7,ITA1126,750.000,ml,5.5,12,0,true,2025-10-18T13:42:19.003+00:00,2025-10-22T03:34:23.270883+00:00,,,0,false
5530e110-258d-4f0f-bc98-5af75868d121,58b8126a-2d2f-4f55-bc98-5b6784800bed,c7c5fe6f-9ece-4b49-86eb-fc4673d2fc14,CAL1206,750.000,ml,14.3,12,0,true,2025-10-18T13:42:19.556+00:00,2025-10-22T03:34:23.270883+00:00,,,0,false
70d07716-b178-4fc8-a1c1-6622332600e1,58b8126a-2d2f-4f55-bc98-5b6784800bed,5681eff7-7b59-4b59-864a-d4eb5f24ba30,CAL1200,750.000,ml,15,12,0,true,2025-10-18T13:42:20.562+00:00,2025-10-22T03:34:23.270883+00:00,,,0,false
3fae2053-142f-4125-b273-6e2f4cba8a18,58b8126a-2d2f-4f55-bc98-5b6784800bed,0d34bd5d-12aa-4788-9f4a-e5419970b989,CAL1201,750.000,ml,15,12,0,true,2025-10-18T13:42:21.126+00:00,2025-10-22T03:34:23.270883+00:00,,,0,false
4b4b21cf-b3cd-42c7-81d6-db83711c9496,58b8126a-2d2f-4f55-bc98-5b6784800bed,4164692f-154d-446c-be5f-756583d85b54,CAL1205,750.000,ml,14.3,12,0,true,2025-10-18T13:42:21.557+00:00,2025-10-22T03:34:23.270883+00:00,,,0,false
0066370a-303b-472a-8060-ff3c03ed568a,58b8126a-2d2f-4f55-bc98-5b6784800bed,104e2c19-6b66-42eb-a7a8-7ad0401f3bf1,CAL1350,750.000,ml,15.9,12,0,true,2025-10-18T13:42:22.132+00:00,2025-10-22T03:34:23.270883+00:00,,,0,false
5c48bd6f-f244-4fbd-be1c-8faf4403540e,58b8126a-2d2f-4f55-bc98-5b6784800bed,4e8a8206-3f28-4042-8078-7d9d75b39fab,CAL1197,750.000,ml,14.5,12,0,true,2025-10-18T13:42:22.414+00:00,2025-10-22T03:34:23.270883+00:00,,,0,false
fbfbfab5-866c-4494-a65c-c7a341673706,58b8126a-2d2f-4f55-bc98-5b6784800bed,19321685-cd6b-4cec-89e7-47fde584f4d0,CAL1199,750.000,ml,14.5,12,0,true,2025-10-18T13:42:23.12+00:00,2025-10-22T03:34:23.270883+00:00,,,0,false
89e9220e-b4e1-43fc-8117-3f70c16c25be,58b8126a-2d2f-4f55-bc98-5b6784800bed,2a544c9c-69f5-4947-98cc-053374870b45,NYS1004,750.000,ml,13,12,0,true,2025-10-18T13:42:26.097+00:00,2025-10-22T03:34:23.270883+00:00,,,0,false
1d1845b1-cfe9-48cf-a91a-d8ccc886e86e,58b8126a-2d2f-4f55-bc98-5b6784800bed,65045324-6a9e-4fcf-9de6-fcd7a89d8fcc,NYS1010,750.000,ml,9,12,0,true,2025-10-18T13:42:26.948+00:00,2025-10-22T03:34:23.270883+00:00,,,0,false
481b7a02-2eec-4152-9c0c-cfde22b91f7e,58b8126a-2d2f-4f55-bc98-5b6784800bed,59b8c737-f33d-4f09-b901-dae3c5c44a6f,CAL1166,750.000,ml,14.7,12,0,true,2025-10-18T13:42:29.217+00:00,2025-10-22T03:34:23.270883+00:00,,,0,false
e70a4b7b-2f52-42f3-ac41-0b6ec3711d93,58b8126a-2d2f-4f55-bc98-5b6784800bed,48efee3b-987b-48bd-9d44-e9dff0d1591a,ITA1089,250.000,ml,7,24,0,true,2025-10-18T13:42:29.788+00:00,2025-10-22T03:34:23.270883+00:00,,,0,false
fd2dc444-cb6b-4b23-bc67-5938f65fc198,58b8126a-2d2f-4f55-bc98-5b6784800bed,2aa8bab1-ae44-4e28-8dd9-04325a511292,SPA1304,750.000,ml,13.5,12,0,true,2025-10-18T13:42:30.644+00:00,2025-10-22T03:34:23.270883+00:00,,,0,false
b478caea-3b89-4769-b6d7-bab795b16dd2,58b8126a-2d2f-4f55-bc98-5b6784800bed,64b0e65d-e5f7-49a6-80c6-e0f81ab8b9f9,SPA1308,750.000,ml,14.5,3,0,true,2025-10-18T13:42:31.667+00:00,2025-10-22T03:34:23.270883+00:00,,,0,false
5d0fdd08-04f3-4c39-b811-aa37c199432f,58b8126a-2d2f-4f55-bc98-5b6784800bed,546187af-d001-4c50-a33c-5293dbafbf62,CAL1292,750.000,ml,15.2,12,0,true,2025-10-18T13:42:33.115+00:00,2025-10-22T03:34:23.270883+00:00,,,0,false
3cbbc25a-85e2-4580-b57a-1a98401b63e2,58b8126a-2d2f-4f55-bc98-5b6784800bed,142aba6b-0d85-4e70-bf5c-f3a7c782a548,CAL1293,750.000,ml,15.5,12,0,true,2025-10-18T13:42:33.949+00:00,2025-10-22T03:34:23.270883+00:00,,,0,false
b7c538cb-85db-4dbc-9fbf-bdb4d7d8d7f8,58b8126a-2d2f-4f55-bc98-5b6784800bed,5e4a6d7d-0920-4466-841d-3931004ee13e,CAL1318,750.000,ml,14.5,12,0,true,2025-10-18T13:42:34.38+00:00,2025-10-22T03:34:23.270883+00:00,,,0,false
f191cd57-6fb8-416a-a592-df21c300d5b6,58b8126a-2d2f-4f55-bc98-5b6784800bed,03dacc58-7911-4dd0-913d-ae8729050341,VIR1072,750.000,ml,,12,0,true,2025-10-18T13:42:35.376+00:00,2025-10-22T03:34:23.270883+00:00,,,0,false
a8ea1428-7db8-46bd-af90-b4c533a7c563,58b8126a-2d2f-4f55-bc98-5b6784800bed,57b97bbc-6626-46b2-883b-725a2a9d6266,VIR1071,750.000,ml,12,12,0,true,2025-10-18T13:42:35.517+00:00,2025-10-22T03:34:23.270883+00:00,,,0,false
7a9e6daf-4596-4fe1-a68d-9b391a405007,58b8126a-2d2f-4f55-bc98-5b6784800bed,baf38716-2387-4521-9851-704533e7f37d,CAL1150,750.000,ml,13.9,12,0,true,2025-10-18T13:42:36.958+00:00,2025-10-22T03:34:23.270883+00:00,,,0,false
0747ce35-d196-4e9b-9497-9ed3300e196c,58b8126a-2d2f-4f55-bc98-5b6784800bed,e22b85f0-1b99-4708-b448-27fe9e50e561,ARG1030,750.000,ml,,12,0,true,2025-10-18T13:42:36.246+00:00,2025-10-22T03:34:23.270883+00:00,,,0,false
2a437bf8-8837-457f-9fbb-f6b1909c7be4,58b8126a-2d2f-4f55-bc98-5b6784800bed,ace17720-b97c-4491-8835-cea9beec0b79,FRA1057,750.000,ml,,12,0,true,2025-10-18T13:42:39.662+00:00,2025-10-22T03:34:23.270883+00:00,,,0,false
e0d8daa7-939f-4cfd-9efd-a691f43c615f,58b8126a-2d2f-4f55-bc98-5b6784800bed,32d8bdd6-7337-4630-a4e8-9f890009f498,FRA1058,750.000,ml,13,12,0,true,2025-10-18T13:42:39.817+00:00,2025-10-22T03:34:23.270883+00:00,,,0,false
9eb635ff-4075-4c98-a0d3-583337d24d1c,58b8126a-2d2f-4f55-bc98-5b6784800bed,1aa5bcfc-ee98-47a8-ab02-d034d47dc91e,CAL1149,750.000,ml,14.5,12,0,true,2025-10-18T13:42:37.67+00:00,2025-10-22T03:34:23.270883+00:00,,,0,false
c1d0fb39-50c4-4a8e-91a3-0e137a8b8ab1,58b8126a-2d2f-4f55-bc98-5b6784800bed,eeb3f3b0-51b5-4179-aa83-af7fc08d3527,CAL1151,750.000,ml,13.9,12,0,true,2025-10-18T13:42:38.223+00:00,2025-10-22T03:34:23.270883+00:00,,,0,false
dbd34e36-5ce6-4a7d-b074-45d8bd286797,58b8126a-2d2f-4f55-bc98-5b6784800bed,5ffb4060-b636-47af-81e4-67258e9c203d,SPA1220,750.000,ml,,12,0,true,2025-10-18T13:42:40.829+00:00,2025-10-22T03:34:23.270883+00:00,,,0,false
0becb36c-b5f2-453d-ac73-be943e4dd571,58b8126a-2d2f-4f55-bc98-5b6784800bed,3218509a-f0b4-4dc2-9f6f-f93bf1ed60c3,FRA1107,750.000,ml,,12,0,true,2025-10-18T13:42:50.477+00:00,2025-10-22T03:34:23.270883+00:00,,,0,false
0e13c7a1-47d1-4562-9d41-6a2c6813450b,58b8126a-2d2f-4f55-bc98-5b6784800bed,48890462-b838-4da2-b676-a30c69a5aef8,CAL1268,750.000,ml,,12,0,true,2025-10-18T13:42:42.87+00:00,2025-10-22T03:34:23.270883+00:00,,,0,false
6404c6e2-92de-4bc7-bc07-c9958e7ef6d6,58b8126a-2d2f-4f55-bc98-5b6784800bed,4389d83e-450d-4609-82bf-95c4e16c8bc2,SPA1061,750.000,ml,12.5,12,0,true,2025-10-18T13:42:44.147+00:00,2025-10-22T03:34:23.270883+00:00,,,0,false
c244d67b-2cd3-4c3c-ad79-f35b5575f25d,58b8126a-2d2f-4f55-bc98-5b6784800bed,5a9efa90-3f23-4536-a696-3e2930b4fce9,ORO1005,750.000,ml,13.7,12,0,true,2025-10-18T13:42:44.287+00:00,2025-10-22T03:34:23.270883+00:00,,,0,false
a91afd65-3102-4d14-a096-4c341f56b000,58b8126a-2d2f-4f55-bc98-5b6784800bed,54d62988-2b5b-48a2-8327-5965acb9d510,ORO1042,750.000,ml,12,12,0,true,2025-10-18T13:42:46.19+00:00,2025-10-22T03:34:23.270883+00:00,,,0,false
5137b101-8d91-4e8f-8a54-c9b3837bdd03,58b8126a-2d2f-4f55-bc98-5b6784800bed,3d905322-e335-4c44-b7c6-3150daf9a7fe,ORO1035,750.000,ml,15,12,0,true,2025-10-18T13:42:46.36+00:00,2025-10-22T03:34:23.270883+00:00,,,0,false
f86cae00-6e8c-4f3c-a0d3-3e2aeafa4345,58b8126a-2d2f-4f55-bc98-5b6784800bed,2619cd9d-286a-4721-a37a-6becfb21d488,SPA1359,750.000,ml,8,12,0,true,2025-10-18T13:42:47.383+00:00,2025-10-22T03:34:23.270883+00:00,,,0,false
c0c5a673-c46e-46fa-b58b-df902899a581,58b8126a-2d2f-4f55-bc98-5b6784800bed,313674ae-d1c1-4ca1-b2a3-4a84c0917008,ISR1033,750.000,ml,,12,0,true,2025-10-18T13:42:48.116+00:00,2025-10-22T03:34:23.270883+00:00,,,0,false
3ee0be9c-ea83-4fa2-8467-e10e437696fa,58b8126a-2d2f-4f55-bc98-5b6784800bed,1ad78420-d641-406d-bef2-d0653e34a5a0,ISR1015,750.000,ml,14.5,12,0,true,2025-10-18T13:42:48.433+00:00,2025-10-22T03:34:23.270883+00:00,,,0,false
5b559b28-a919-47ff-8a0a-ac7b521a53fb,58b8126a-2d2f-4f55-bc98-5b6784800bed,502b3b33-3bcc-4f3b-8238-8101feae0f3a,FRA1172,750.000,ml,,12,0,true,2025-10-18T13:42:48.858+00:00,2025-10-22T03:34:23.270883+00:00,,,0,false
a609bb21-aeda-4674-b347-276a8998c261,58b8126a-2d2f-4f55-bc98-5b6784800bed,1e5c92e1-fd74-47e5-abf7-ff57734675b9,CAL1370,750.000,ml,14.5,12,0,true,2025-10-18T13:42:49.583+00:00,2025-10-22T03:34:23.270883+00:00,,,0,false
b098ed76-a245-4837-8894-3c78122f095b,58b8126a-2d2f-4f55-bc98-5b6784800bed,60d91393-114c-4997-ab36-3728e60b6912,FRA1065,750.000,ml,12,12,0,true,2025-10-18T13:42:51.231+00:00,2025-10-22T03:34:23.270883+00:00,,,0,false
5c54c406-8e48-4eb7-844d-797db5f10317,58b8126a-2d2f-4f55-bc98-5b6784800bed,346a1cc2-a958-447b-8d2e-1cddcc517030,FRA1076,750.000,ml,11.5,12,0,true,2025-10-18T13:42:52.573+00:00,2025-10-22T03:34:23.270883+00:00,,,0,false
2d1d9c66-5c3d-44c6-b639-a593563c7a88,58b8126a-2d2f-4f55-bc98-5b6784800bed,5a9dfa22-c28a-468f-a64d-ea96a787ffc8,FRA1127,750.000,ml,,12,0,true,2025-10-18T13:42:53.01+00:00,2025-10-22T03:34:23.270883+00:00,,,0,false
32c78f33-24a8-421d-b982-767703cb268a,58b8126a-2d2f-4f55-bc98-5b6784800bed,63bc4d6d-ecf0-4f05-a3db-cc5c2b3a9a8f,SPA1169,750.000,ml,13,12,0,true,2025-10-18T13:42:53.15+00:00,2025-10-22T03:34:23.270883+00:00,,,0,false
c96a3609-f77a-4c6c-b927-fe0bd3bcf937,58b8126a-2d2f-4f55-bc98-5b6784800bed,59e79edf-79dc-4071-bc4f-0e330cc3a26d,ITA1101,750.000,ml,14.5,12,0,true,2025-10-18T13:42:56.22+00:00,2025-10-22T03:34:23.270883+00:00,,,0,false
d3a71e58-5f77-4c30-9368-1db2de19fead,58b8126a-2d2f-4f55-bc98-5b6784800bed,b6c6df64-8f90-40a9-80f2-d4964652eee4,ITA1025,750.000,ml,14.5,12,0,true,2025-10-18T13:42:56.516+00:00,2025-10-22T03:34:23.270883+00:00,,,0,false
34210cdf-ca1e-445e-baf7-7c3aae5a46b4,58b8126a-2d2f-4f55-bc98-5b6784800bed,4afe4bd4-b74a-42f6-83bd-ea36a8ceacd0,ITA1034,750.000,ml,15.5,12,0,true,2025-10-18T13:42:56.989+00:00,2025-10-22T03:34:23.270883+00:00,,,0,false
aba79d92-f33f-47f6-99d7-0b5154cd4ca8,58b8126a-2d2f-4f55-bc98-5b6784800bed,214b0954-4be1-478b-87be-0a4abcd75a6c,ITA1026,750.000,ml,14.5,12,0,true,2025-10-18T13:42:57.138+00:00,2025-10-22T03:34:23.270883+00:00,,,0,false
3160a327-d69a-49c9-9dc4-c9f3e59731ed,58b8126a-2d2f-4f55-bc98-5b6784800bed,ce26df5f-e10e-4433-988e-8b66df8ace52,ITA1030,750.000,ml,14,12,0,true,2025-10-18T13:42:57.724+00:00,2025-10-22T03:34:23.270883+00:00,,,0,false
554373f4-ce59-491a-8531-87314e2ca3e9,58b8126a-2d2f-4f55-bc98-5b6784800bed,87eb4d4e-f254-4625-adf6-ff65be1a455f,ITA1031,750.000,ml,14,12,0,true,2025-10-18T13:42:58.039+00:00,2025-10-22T03:34:23.270883+00:00,,,0,false
b5fa9255-7895-48c8-9938-afbbf03eacce,58b8126a-2d2f-4f55-bc98-5b6784800bed,00f6ab25-062d-4ea4-a8e7-733a1920a170,ITA1027,750.000,ml,14,12,0,true,2025-10-18T13:42:58.181+00:00,2025-10-22T03:34:23.270883+00:00,,,0,false
b9450f03-5f17-4284-816c-edcfad8244a0,58b8126a-2d2f-4f55-bc98-5b6784800bed,c34ae60d-a06b-4163-95e8-6015d037c81a,ITA1023,750.000,ml,13.5,12,0,true,2025-10-18T13:42:58.631+00:00,2025-10-22T03:34:23.270883+00:00,,,0,false
e6a34b00-bc5d-4ccd-b121-97eba82f96ff,58b8126a-2d2f-4f55-bc98-5b6784800bed,1db9a81b-d8f8-4a9e-a764-37388bdf9940,ITA1024,750.000,ml,14,12,0,true,2025-10-18T13:42:59.237+00:00,2025-10-22T03:34:23.270883+00:00,,,0,false
bb9df219-032e-4088-90a8-4809ebc18384,58b8126a-2d2f-4f55-bc98-5b6784800bed,1594cc13-2364-4ba2-bfde-2b97c3661ab7,AUS1031,750.000,ml,14.1,12,0,true,2025-10-18T13:43:01.275+00:00,2025-10-22T03:34:23.270883+00:00,,,0,false
b55428d1-fb34-4cdc-8e2e-2e4e75302dd6,58b8126a-2d2f-4f55-bc98-5b6784800bed,16e31038-7155-454c-ad3d-7612af24f3e1,RIO1085,750.000,ml,,12,0,true,2025-10-18T13:43:02.777+00:00,2025-10-22T03:34:23.270883+00:00,,,0,false
53e3032a-2eb5-4181-817a-d9008ab2f440,58b8126a-2d2f-4f55-bc98-5b6784800bed,589b9832-42ed-4bc4-87d3-fb72b09bf361,RIO1011,750.000,ml,,6,0,true,2025-10-18T13:43:03.514+00:00,2025-10-22T03:34:23.270883+00:00,,,0,false
94b42a67-52ee-455d-93f0-b1260f2e542d,58b8126a-2d2f-4f55-bc98-5b6784800bed,59e0d398-1d2e-4c37-9004-da3c9de5e496,RIO1079,750.000,ml,,12,0,true,2025-10-18T13:43:03.662+00:00,2025-10-22T03:34:23.270883+00:00,,,0,false
b278352d-952f-46d8-9351-3b920f39e4e1,58b8126a-2d2f-4f55-bc98-5b6784800bed,2e484d87-045d-40f6-9186-022405345689,RIO1025,750.000,ml,,12,0,true,2025-10-18T13:43:04.247+00:00,2025-10-22T03:34:23.270883+00:00,,,0,false
776936de-9816-416f-96cc-717f898f2954,58b8126a-2d2f-4f55-bc98-5b6784800bed,05405b44-8fca-4c6c-b557-63bdc0495339,RIO1055,750.000,ml,,12,0,true,2025-10-18T13:43:04.847+00:00,2025-10-22T03:34:23.270883+00:00,,,0,false
b490b092-43e2-414f-9b04-f36b3b7cac7b,58b8126a-2d2f-4f55-bc98-5b6784800bed,4159c20e-324c-4ce2-9b57-6fb00c49d20a,RIO1021,750.000,ml,,12,0,true,2025-10-18T13:43:05+00:00,2025-10-22T03:34:23.270883+00:00,,,0,false
35f5c9f0-850b-45cc-98df-786c9ee2e4b1,58b8126a-2d2f-4f55-bc98-5b6784800bed,50e927b5-9b8c-4d0c-aebe-485f9b90e963,NCA1003,750.000,ml,13.6,12,0,true,2025-10-18T13:43:06.799+00:00,2025-10-22T03:34:23.270883+00:00,,,0,false
6cde748b-edd6-4bdb-a86b-5f2cb435bb03,58b8126a-2d2f-4f55-bc98-5b6784800bed,330fc9e5-9321-4e54-a9b7-12745882b765,NCA1001,750.000,ml,14.2,12,0,true,2025-10-18T13:43:06.946+00:00,2025-10-22T03:34:23.270883+00:00,,,0,false
93d450a8-1c81-4c59-824c-2a9c0e3dd191,58b8126a-2d2f-4f55-bc98-5b6784800bed,12ceaffc-9704-4c73-846f-1bbd6db8c09f,AUS1026,750.000,ml,13,12,0,true,2025-10-18T13:43:07.565+00:00,2025-10-22T03:34:23.270883+00:00,,,0,false
c648a0d6-f90f-4bde-9db0-467ec43ab556,58b8126a-2d2f-4f55-bc98-5b6784800bed,4cbf8748-9798-4fbe-93f2-f25c42f1289b,GER1001,750.000,ml,12.5,12,0,true,2025-10-18T13:43:07.864+00:00,2025-10-22T03:34:23.270883+00:00,,,0,false
1b333c10-69ab-4568-95c7-3c1475d04374,58b8126a-2d2f-4f55-bc98-5b6784800bed,060ae04d-7bb4-4180-8bf3-ff0593df6fb7,CAL1048,750.000,ml,14.5,12,0,true,2025-10-18T13:43:08.619+00:00,2025-10-22T03:34:23.270883+00:00,,,0,false
13b467b4-789d-4d75-b267-1f4515c1066f,58b8126a-2d2f-4f55-bc98-5b6784800bed,051d0d2a-ce91-4c99-b6b5-df549288b3ec,SAF1094,750.000,ml,13,12,0,true,2025-10-18T13:43:09.402+00:00,2025-10-22T03:34:23.270883+00:00,,,0,false
45994352-0fcd-446b-9f34-1769fccb17aa,58b8126a-2d2f-4f55-bc98-5b6784800bed,5fde54da-87e6-4ef0-9ea1-ba519e438ea0,GRE1003,750.000,ml,13,6,0,true,2025-10-18T13:43:11.126+00:00,2025-10-22T03:34:23.270883+00:00,,,0,false
4fc003a3-0b00-49b1-97b0-b7f9dc22ba18,58b8126a-2d2f-4f55-bc98-5b6784800bed,ad818e11-c972-4ccc-820d-9b7d001fe836,SAF1011,750.000,ml,13,12,0,true,2025-10-18T13:43:12.606+00:00,2025-10-22T03:34:23.270883+00:00,,,0,false
5a753ede-7c93-4bfd-85b3-302423ae4156,58b8126a-2d2f-4f55-bc98-5b6784800bed,15b1548f-848f-4ba3-921c-2ee3cf0faba4,SAF1072,750.000,ml,13.5,12,0,true,2025-10-18T13:43:13.051+00:00,2025-10-22T03:34:23.270883+00:00,,,0,false
ff299823-85a0-4c65-a88a-fb06b6dca669,58b8126a-2d2f-4f55-bc98-5b6784800bed,b2b67447-a146-4644-b026-bb5ee4b9896a,SAF1010,750.000,ml,12.5,12,0,true,2025-10-18T13:43:11.872+00:00,2025-10-22T03:34:23.270883+00:00,,,0,false
d0162b90-71f7-478e-95e1-f1b63852e552,58b8126a-2d2f-4f55-bc98-5b6784800bed,6591d274-b0ab-48da-ba2d-457c69a511d5,CHL1013,750.000,ml,14,6,0,true,2025-10-18T13:43:15.691+00:00,2025-10-22T03:34:23.270883+00:00,,,0,false
650cd485-de36-443c-86af-f7395fb917de,58b8126a-2d2f-4f55-bc98-5b6784800bed,181bbbc1-799a-40f8-904d-2f7affd256b6,SAF1073,750.000,ml,12.5,12,0,true,2025-10-18T13:43:13.348+00:00,2025-10-22T03:34:23.270883+00:00,,,0,false
fae5fa57-f61d-4277-813c-1a23c0f6f248,58b8126a-2d2f-4f55-bc98-5b6784800bed,3607fea0-fd94-40bd-9458-4606ee090f79,NON1006,750.000,ml,0,6,0,true,2025-10-18T13:43:15.109+00:00,2025-10-22T03:34:23.270883+00:00,,,0,false
e8ef34df-914f-43b1-8dae-91629dafbb1b,58b8126a-2d2f-4f55-bc98-5b6784800bed,841a4662-28f5-4b27-8cc5-39b1ac8ab7b5,SAF1004,750.000,ml,11,12,0,true,2025-10-18T13:43:14.22+00:00,2025-10-22T03:34:23.270883+00:00,,,0,false
522f88ee-8cbe-4ef6-9435-904ee835b7dd,58b8126a-2d2f-4f55-bc98-5b6784800bed,4901389c-5869-42af-8510-3be8adc79381,NON1010,750.000,ml,0,6,0,true,2025-10-18T13:43:15.403+00:00,2025-10-22T03:34:23.270883+00:00,,,0,false
56170cd3-88fb-4f0a-b2cb-9dc400bf1a3d,58b8126a-2d2f-4f55-bc98-5b6784800bed,5a487698-00e7-410b-aa32-f37d9f6e5a10,CAL1302,750.000,ml,14,12,0,true,2025-10-18T13:43:16.739+00:00,2025-10-22T03:34:23.270883+00:00,,,0,false
b12a07cf-02b6-49ce-be64-3f39fb6cc799,58b8126a-2d2f-4f55-bc98-5b6784800bed,e04a4dda-dec0-49cc-99ba-e1ab771414c2,SPA1314,750.000,ml,13,6,0,true,2025-10-18T13:43:18.798+00:00,2025-10-22T03:34:23.270883+00:00,,,0,false
38dd2094-d3ae-4c15-a053-ef17cedc241a,58b8126a-2d2f-4f55-bc98-5b6784800bed,0e60368f-d599-436f-9c01-f243c9d25638,SPA1284,750.000,ml,11.5,12,0,true,2025-10-18T13:43:18.944+00:00,2025-10-22T03:34:23.270883+00:00,,,0,false
0b654568-ffd5-4c04-aedf-350b544bb302,58b8126a-2d2f-4f55-bc98-5b6784800bed,cc5d1d9a-8399-4312-93d9-621d7754adba,FRA1103,750.000,ml,12,12,0,true,2025-10-18T13:43:24.71+00:00,2025-10-22T03:34:23.270883+00:00,,,0,false
58ea5d0d-a119-44d9-a0d6-4d8167236c9f,58b8126a-2d2f-4f55-bc98-5b6784800bed,d8f15c14-4384-452e-9dfb-da8dfca5a8f6,SPA1286,750.000,ml,12,6,0,true,2025-10-18T13:43:19.09+00:00,2025-10-22T03:34:23.270883+00:00,,,0,false
8de4abe6-d91a-4861-82a4-a41a89562ddb,58b8126a-2d2f-4f55-bc98-5b6784800bed,798249fa-e2ff-4c57-8e46-150977241950,SPA1285,750.000,ml,11.5,6,0,true,2025-10-18T13:43:19.526+00:00,2025-10-22T03:34:23.270883+00:00,,,0,false
c9b6ab45-264a-4a36-a5ea-c3948cc6507f,58b8126a-2d2f-4f55-bc98-5b6784800bed,9e7bbed8-7a0d-4b1e-9e56-3f32eaab343a,SPA1190,750.000,ml,12.5,12,0,true,2025-10-18T13:43:19.679+00:00,2025-10-22T03:34:23.270883+00:00,,,0,false
d209ed78-f336-46d2-b798-a1d547ab21d2,58b8126a-2d2f-4f55-bc98-5b6784800bed,4cdc595b-a3c9-4d5a-99d0-46cfed052ee6,SPA1196,750.000,ml,13.5,6,0,true,2025-10-18T13:43:20.157+00:00,2025-10-22T03:34:23.270883+00:00,,,0,false
f56811fc-89f0-47fa-8673-ce5d5c136534,58b8126a-2d2f-4f55-bc98-5b6784800bed,4d4e1be6-9330-4932-9287-04113bc0d915,SPA1195,1500.000,ml,13.5,6,0,true,2025-10-18T13:43:21.181+00:00,2025-10-22T03:34:23.270883+00:00,,,0,false
88d6ada8-74fe-49da-a900-a8917502763d,58b8126a-2d2f-4f55-bc98-5b6784800bed,9142c8ec-cb08-42ab-ab07-15fcba8e05e9,CAL1023,750.000,ml,13.5,6,0,true,2025-10-18T13:43:25.024+00:00,2025-10-22T03:34:23.270883+00:00,,,0,false
47fccf51-7391-4f93-93bd-f8686ef59412,58b8126a-2d2f-4f55-bc98-5b6784800bed,5bc12bd7-5def-4c95-98ce-120cc4997283,SPA1218,750.000,ml,12.5,12,0,true,2025-10-18T13:43:21.331+00:00,2025-10-22T03:34:23.270883+00:00,,,0,false
f452b841-6743-48ec-ad77-2878e087ab0f,58b8126a-2d2f-4f55-bc98-5b6784800bed,8c14ae65-3cec-4623-88f4-e652a78fb805,CAL1108,750.000,ml,14.9,12,0,true,2025-10-18T13:43:21.774+00:00,2025-10-22T03:34:23.270883+00:00,,,0,false
69990a05-6770-4a17-914e-7c1baac8fb73,58b8126a-2d2f-4f55-bc98-5b6784800bed,9c914d35-00de-4ebf-9243-33fbab2511c0,CAL1111,750.000,ml,14.7,12,0,true,2025-10-18T13:43:21.92+00:00,2025-10-22T03:34:23.270883+00:00,,,0,false
20fc09e5-aaa7-493d-b404-18675ca8c421,58b8126a-2d2f-4f55-bc98-5b6784800bed,747cfdac-8d35-4447-a821-a78714677bc7,CAL1114,750.000,ml,,12,0,true,2025-10-18T13:43:22.067+00:00,2025-10-22T03:34:23.270883+00:00,,,0,false
2123679e-1c5b-4e73-9e62-0197d8999b27,58b8126a-2d2f-4f55-bc98-5b6784800bed,897d670b-b8c7-4bcd-82b1-9e067cd4bf91,NWZ1002,750.000,ml,,12,0,true,2025-10-18T13:43:22.654+00:00,2025-10-22T03:34:23.270883+00:00,,,0,false
3cccb564-b1ff-4da1-80f5-4bf533a6cc1b,58b8126a-2d2f-4f55-bc98-5b6784800bed,defee958-f5c3-4133-b714-a5db8c9d56f3,NWZ1006,750.000,ml,,12,0,true,2025-10-18T13:43:22.956+00:00,2025-10-22T03:34:23.270883+00:00,,,0,false
f653c684-5cc1-453f-bcea-09509c950d23,58b8126a-2d2f-4f55-bc98-5b6784800bed,a0dd8722-7753-4f1a-88ed-c3c959c15deb,SPA1325,750.000,ml,13.5,12,0,true,2025-10-18T13:43:23.392+00:00,2025-10-22T03:34:23.270883+00:00,,,0,false
52419c15-044b-4a39-abc8-c342b3d8edf1,58b8126a-2d2f-4f55-bc98-5b6784800bed,98ba5e7d-b044-4eb2-b66f-31926d601cc8,CAL1261,750.000,ml,14.8,12,0,true,2025-10-18T13:43:23.831+00:00,2025-10-22T03:34:23.270883+00:00,,,0,false
b59a3594-2289-4077-80af-e9e325ae2e6c,58b8126a-2d2f-4f55-bc98-5b6784800bed,4a82a314-9e33-470b-bbb6-1166a8865ac9,FRA1016,750.000,ml,12,12,0,true,2025-10-18T13:43:24.563+00:00,2025-10-22T03:34:23.270883+00:00,,,0,false
5f364ad6-8032-40b7-b5ab-e8ce5b97dde2,58b8126a-2d2f-4f55-bc98-5b6784800bed,4948105a-484d-413c-a40f-79ae2ba3c326,CAL1038,750.000,ml,14.4,12,0,true,2025-10-18T13:43:27.413+00:00,2025-10-22T03:34:23.270883+00:00,,,0,false
ea59da83-25a7-4f0a-bce7-e00de0c10129,58b8126a-2d2f-4f55-bc98-5b6784800bed,2ded69cc-1887-43e0-8d04-ad634dee00ef,CAL1035,750.000,ml,14.8,12,0,true,2025-10-18T13:43:25.774+00:00,2025-10-22T03:34:23.270883+00:00,,,0,false
78c88a3b-def9-4e1d-88bc-45cf1b88a64f,58b8126a-2d2f-4f55-bc98-5b6784800bed,58feb5eb-cad7-4661-9ca1-4d38837c8eb9,CAL1041,750.000,ml,13.7,12,0,true,2025-10-18T13:43:26.22+00:00,2025-10-22T03:34:23.270883+00:00,,,0,false
5b3df2ba-8fda-4d83-8751-5dc3f1bd7868,58b8126a-2d2f-4f55-bc98-5b6784800bed,57481cb3-ec2c-4824-83b3-8e1ed0b74ee4,CAL1037,750.000,ml,14.7,12,0,true,2025-10-18T13:43:26.513+00:00,2025-10-22T03:34:23.270883+00:00,,,0,false
d6bb84d6-42b1-4e61-963e-263e12386e70,58b8126a-2d2f-4f55-bc98-5b6784800bed,f0275a74-7637-42be-ba15-236267b038e6,CAL1034,750.000,ml,14.7,12,0,true,2025-10-18T13:43:26.956+00:00,2025-10-22T03:34:23.270883+00:00,,,0,false
090c5398-ff73-43e6-b443-847aa5cf93a7,58b8126a-2d2f-4f55-bc98-5b6784800bed,914c5f9f-6391-454f-82fc-63e3c6b5b63e,CAL1065,750.000,ml,14.5,12,0,true,2025-10-18T13:43:27.109+00:00,2025-10-22T03:34:23.270883+00:00,,,0,false
467171d2-8c0b-4c88-8101-1662bcbd71a8,58b8126a-2d2f-4f55-bc98-5b6784800bed,1a8ac254-c270-47a1-a349-ce3499ada2a2,CAL1308,750.000,ml,14.4,12,0,true,2025-10-18T13:43:27.259+00:00,2025-10-22T03:34:23.270883+00:00,,,0,false
cca2c055-75f0-4182-bc8c-d9a8861e8c62,58b8126a-2d2f-4f55-bc98-5b6784800bed,43dca029-0915-48a7-85ea-e60d77792dc6,FRA1002,750.000,ml,14.5,12,0,true,2025-10-18T13:43:27.776+00:00,2025-10-22T03:34:23.270883+00:00,,,0,false
ac1d412f-e13c-4943-b87e-a4058516bafd,58b8126a-2d2f-4f55-bc98-5b6784800bed,f79a5691-ad6b-4e3b-a697-1cfefbf39201,FRA1017,750.000,ml,14.5,12,0,true,2025-10-18T13:43:28.08+00:00,2025-10-22T03:34:23.270883+00:00,,,0,false
99c0975d-7662-4fa2-a216-fbcdd296f32d,58b8126a-2d2f-4f55-bc98-5b6784800bed,f792724a-4158-498a-99ea-193e1f145c97,FRA1001,750.000,ml,14.5,12,0,true,2025-10-18T13:43:28.378+00:00,2025-10-22T03:34:23.270883+00:00,,,0,false
ebd8bdc7-189f-4937-83b6-b1e32433e2dd,58b8126a-2d2f-4f55-bc98-5b6784800bed,40ae6271-ac4a-4f9c-b2c2-a530e8cfab61,FRA1000,750.000,ml,14,12,0,true,2025-10-18T13:43:29.141+00:00,2025-10-22T03:34:23.270883+00:00,,,0,false
7b792d05-f72c-4b43-b8cc-2c497f1e3185,58b8126a-2d2f-4f55-bc98-5b6784800bed,26eda849-ffe6-4b20-9369-ba8d8488e911,FRA1078,750.000,ml,13.5,12,0,true,2025-10-18T13:43:28.689+00:00,2025-10-22T03:34:23.270883+00:00,,,0,false
ef4cb780-40a1-4ce3-b9e0-14b345e7dfa7,58b8126a-2d2f-4f55-bc98-5b6784800bed,d29028fe-02d5-48f3-8f05-36aa2a725590,RIO1005,750.000,ml,,6,0,true,2025-10-18T13:43:30.02+00:00,2025-10-22T03:34:23.270883+00:00,,,0,false
c141972f-9064-42ec-9158-9bb568a922d5,58b8126a-2d2f-4f55-bc98-5b6784800bed,00e31cfc-ade7-4d49-89ca-e62b4fda98aa,AUS1039,750.000,ml,13,12,0,true,2025-10-18T13:43:29.87+00:00,2025-10-22T03:34:23.270883+00:00,,,0,false
8426918f-4675-4ca3-af80-13eb2f849264,58b8126a-2d2f-4f55-bc98-5b6784800bed,ab4af8c5-1b2e-4606-a0e2-0a88bc2e1398,SPA1151,1000.000,ml,15,6,0,true,2025-10-18T13:43:30.314+00:00,2025-10-22T03:34:23.270883+00:00,,,0,false
4d8cef62-9189-4f71-9646-02b24d9c6baf,58b8126a-2d2f-4f55-bc98-5b6784800bed,29661e38-e495-4cd2-b83b-2ab2683e3883,SPA1152,1000.000,ml,15,6,0,true,2025-10-18T13:43:30.464+00:00,2025-10-22T03:34:23.270883+00:00,,,0,false
dc12b7d8-fc42-4d6d-80fd-e0a72ff66e9d,58b8126a-2d2f-4f55-bc98-5b6784800bed,2391f104-6a3a-4d8f-a85d-c1fb666125b9,ORO1055,750.000,ml,13.3,12,0,true,2025-10-18T13:43:31.494+00:00,2025-10-22T03:34:23.270883+00:00,,,0,false
9375b3aa-92cc-4185-823e-d696d4bf54af,58b8126a-2d2f-4f55-bc98-5b6784800bed,7b36742c-22d3-4eb1-85dd-e3692f404234,ORO1054,750.000,ml,13.8,12,0,true,2025-10-18T13:43:31.642+00:00,2025-10-22T03:34:23.270883+00:00,,,0,false
74c9d3e6-34ea-4260-afc8-5415590b6850,58b8126a-2d2f-4f55-bc98-5b6784800bed,48750afa-7a1a-4cd2-9ffa-f7361dd74dca,ORO1052,750.000,ml,13.1,12,0,true,2025-10-18T13:43:31.789+00:00,2025-10-22T03:34:23.270883+00:00,,,0,false
a5d5e287-02dd-49cc-b68f-40a8b33e08be,58b8126a-2d2f-4f55-bc98-5b6784800bed,df662e90-6079-4eb9-8537-81ec620bfb7e,SPA1340,1500.000,ml,,1,0,true,2025-10-18T13:43:32.531+00:00,2025-10-22T03:34:23.270883+00:00,,,0,false
cf8f675e-d6af-4b2e-8548-953f81cda84d,58b8126a-2d2f-4f55-bc98-5b6784800bed,34e144ee-2703-4359-a174-e2e9af357e35,SPA1331,1500.000,ml,15,1,0,true,2025-10-18T13:43:32.676+00:00,2025-10-22T03:34:23.270883+00:00,,,0,false
b28d9369-76fe-442c-9187-40f733a24a74,58b8126a-2d2f-4f55-bc98-5b6784800bed,75b2c4c2-ef49-49eb-b800-b06cd6465553,POR1002,750.000,ml,,12,0,true,2025-10-18T13:43:32.823+00:00,2025-10-22T03:34:23.270883+00:00,,,0,false
61fb9a37-b074-4168-b7b9-8203e9e7efd8,58b8126a-2d2f-4f55-bc98-5b6784800bed,55d4b31c-91aa-4613-8117-b51bc1b2e1e1,ITA1151,750.000,ml,13.5,12,0,true,2025-10-18T13:43:33.131+00:00,2025-10-22T03:34:23.270883+00:00,,,0,false
a7dc21f9-0615-44e1-a60e-e10409c7516d,58b8126a-2d2f-4f55-bc98-5b6784800bed,1ed22ae7-a095-4baf-b652-359c0ab60b0a,ITA1152,750.000,ml,13,12,0,true,2025-10-18T13:43:33.282+00:00,2025-10-22T03:34:23.270883+00:00,,,0,false
77d6e957-56fb-4600-bc45-e4181ac87d8a,58b8126a-2d2f-4f55-bc98-5b6784800bed,02ac1aa6-6dbe-449a-bd1d-1e02a38779c3,ITA1154,750.000,ml,14,6,0,true,2025-10-18T13:43:33.427+00:00,2025-10-22T03:34:23.270883+00:00,,,0,false
d9a9f750-0789-4a5c-9c4a-92d7c164e4d5,58b8126a-2d2f-4f55-bc98-5b6784800bed,ff16a935-58fe-42e2-9cfa-b88b097242b3,CAL1044,750.000,ml,14.6,12,0,true,2025-10-18T13:43:33.583+00:00,2025-10-22T03:34:23.270883+00:00,,,0,false
5ca53fb8-7fb7-4679-8fe3-f98e314360dd,58b8126a-2d2f-4f55-bc98-5b6784800bed,df719a5e-4844-46bd-ab53-5aa2150571c1,CAL1309,750.000,ml,14.4,12,0,true,2025-10-18T13:43:33.724+00:00,2025-10-22T03:34:23.270883+00:00,,,0,false
64282581-dd00-4d7b-ae5b-b36dc695665c,58b8126a-2d2f-4f55-bc98-5b6784800bed,df5c2900-56d3-418e-9627-049d7c745d93,CAL1357,750.000,ml,,12,0,true,2025-10-18T13:43:34.025+00:00,2025-10-22T03:34:23.270883+00:00,,,0,false
c12fdd91-e03a-4476-8f1b-c4234097c933,58b8126a-2d2f-4f55-bc98-5b6784800bed,9690d4ad-7546-4f08-8a9b-a4e8a80218c7,CAL1040,750.000,ml,14.4,12,0,true,2025-10-18T13:43:34.173+00:00,2025-10-22T03:34:23.270883+00:00,,,0,false
dfe454d1-c1a7-4d5c-bf84-84a8afca9590,58b8126a-2d2f-4f55-bc98-5b6784800bed,f9811e88-4cb5-47f0-80d2-414ab1a05086,SPA1366,750.000,ml,,12,0,true,2025-10-18T13:43:34.764+00:00,2025-10-22T03:34:23.270883+00:00,,,0,false
a489d812-1110-4797-9be9-99d0862f7473,58b8126a-2d2f-4f55-bc98-5b6784800bed,19c2e98d-632a-438d-a8bf-b4acb7307fa1,NON1020,750.000,ml,0,12,0,true,2025-10-18T13:43:34.916+00:00,2025-10-22T03:34:23.270883+00:00,,,0,false
2f1844bc-c38c-4d51-af44-81bb77e3b2f9,58b8126a-2d2f-4f55-bc98-5b6784800bed,d2fd6637-0662-47fa-9ccf-41d3d0c113dc,NON1018,200.000,ml,0,24,0,true,2025-10-18T13:43:35.068+00:00,2025-10-22T03:34:23.270883+00:00,,,0,false
d6973ce3-f9f2-4eb1-bfa2-77d3f0923edd,58b8126a-2d2f-4f55-bc98-5b6784800bed,fda1c24b-8b6d-4ab1-9cf3-c0d49d6043fb,NON1001,750.000,ml,0,12,0,true,2025-10-18T13:43:35.218+00:00,2025-10-22T03:34:23.270883+00:00,,,0,false
85959e2d-c5e8-4f5e-b67d-7f81349e6dfc,58b8126a-2d2f-4f55-bc98-5b6784800bed,48fe4942-fe0f-405e-8033-74718d3384e4,NON1022,750.000,ml,0,12,0,true,2025-10-18T13:43:35.512+00:00,2025-10-22T03:34:23.270883+00:00,,,0,false
fd0df1ec-5701-4af3-88f2-b2aee3ee64d7,58b8126a-2d2f-4f55-bc98-5b6784800bed,7c6da467-2b86-4f76-aa9d-be10fc61d230,NON1003,750.000,ml,0,12,0,true,2025-10-18T13:43:35.964+00:00,2025-10-22T03:34:23.270883+00:00,,,0,false
8970bce1-d535-4e04-b71c-617f72a9553f,58b8126a-2d2f-4f55-bc98-5b6784800bed,fb333a9e-b13b-47d0-bfb7-f0a7a5114ca6,SPA1315,750.000,ml,,12,0,true,2025-10-18T13:43:36.114+00:00,2025-10-22T03:34:23.270883+00:00,,,0,false
1b3a812e-f733-4f6a-8af1-af8223bb94df,58b8126a-2d2f-4f55-bc98-5b6784800bed,d3ed5bd6-0f7e-4a57-9467-91d7c0486c2e,SPA1058,750.000,ml,14.5,12,0,true,2025-10-18T13:43:36.263+00:00,2025-10-22T03:34:23.270883+00:00,,,0,false
31483af8-b603-48b6-985d-5b1313eb18d3,58b8126a-2d2f-4f55-bc98-5b6784800bed,04928085-51f6-4bf8-b498-0f0268b6d7c2,SPA1059,750.000,ml,14.5,12,0,true,2025-10-18T13:43:36.415+00:00,2025-10-22T03:34:23.270883+00:00,,,0,false
46cb8988-9f60-4a5c-bede-313f600ecc9a,58b8126a-2d2f-4f55-bc98-5b6784800bed,4b3bb46e-ddfe-4af9-b153-59ee5df33c0c,SPA1053,750.000,ml,14.5,12,0,true,2025-10-18T13:43:36.562+00:00,2025-10-22T03:34:23.270883+00:00,,,0,false
d72b9e46-1110-4b76-98f8-c60eb65305cc,58b8126a-2d2f-4f55-bc98-5b6784800bed,673270a0-8a0e-453d-bb04-7bb12f07cb45,SPA1052,750.000,ml,14.5,12,0,true,2025-10-18T13:43:36.855+00:00,2025-10-22T03:34:23.270883+00:00,,,0,false
ab428b2f-37e9-4379-9ded-c67b1fee1a32,58b8126a-2d2f-4f55-bc98-5b6784800bed,3bfed3ca-9cec-4625-b268-d77757ca6bba,SPA1051,750.000,ml,14.5,12,0,true,2025-10-18T13:43:37.306+00:00,2025-10-22T03:34:23.270883+00:00,,,0,false
f0dc7670-76a7-44c0-933d-72431c5ccfcd,58b8126a-2d2f-4f55-bc98-5b6784800bed,61599334-3fb3-4559-b862-3008b6bc7716,SPA1054,750.000,ml,14.5,12,0,true,2025-10-18T13:43:37.605+00:00,2025-10-22T03:34:23.270883+00:00,,,0,false
e58b9ecd-713c-4f4d-ad96-9b282800c7f8,58b8126a-2d2f-4f55-bc98-5b6784800bed,5ce9dfa5-668d-44d2-ae4c-77bd83dbcd5e,AUS1046,750.000,ml,12,12,0,true,2025-10-18T13:43:38.2+00:00,2025-10-22T03:34:23.270883+00:00,,,0,false
3ca0d2be-f5bb-429f-9290-0a5208830dd2,58b8126a-2d2f-4f55-bc98-5b6784800bed,2fff5646-5a52-4516-bee9-0219c4ef101b,SPA1237,750.000,ml,15,4,0,true,2025-10-18T13:43:38.502+00:00,2025-10-22T03:34:23.270883+00:00,,,0,false
d562652c-a0bf-4e05-b840-309d21eeb441,58b8126a-2d2f-4f55-bc98-5b6784800bed,526c1f36-32d6-4395-acbc-34c29f4c8495,SPA1245,750.000,ml,14.5,6,0,true,2025-10-18T13:43:38.795+00:00,2025-10-22T03:34:23.270883+00:00,,,0,false
677f7175-88ed-4c26-9e58-88b3ea3e02be,58b8126a-2d2f-4f55-bc98-5b6784800bed,fc8fd32c-82a0-4ca5-a355-a8d2bb01ecbe,SPA1332,750.000,ml,12.5,6,0,true,2025-10-18T13:43:38.952+00:00,2025-10-22T03:34:23.270883+00:00,,,0,false
c9100319-d172-4fdc-9828-b9b6dbc461a8,58b8126a-2d2f-4f55-bc98-5b6784800bed,1b612614-0840-4271-84d9-810e78aad064,POR1029,750.000,ml,19,12,0,true,2025-10-18T13:43:39.102+00:00,2025-10-22T03:34:23.270883+00:00,,,0,false
0c817de7-9586-4a0d-9029-21110f6696f2,58b8126a-2d2f-4f55-bc98-5b6784800bed,8d4f7ed9-cc22-4357-8a67-02c5da8c4ebd,POR1007,750.000,ml,20,6,0,true,2025-10-18T13:43:39.252+00:00,2025-10-22T03:34:23.270883+00:00,,,0,false
fd4231ae-fdf2-46ca-b6e7-9152b3595834,58b8126a-2d2f-4f55-bc98-5b6784800bed,3529c5cf-3c1f-4f35-8a55-ec2d222d7222,POR1012,500.000,ml,19,1,0,true,2025-10-18T13:43:39.399+00:00,2025-10-22T03:34:23.270883+00:00,,,0,false
d00d9c20-ca66-4774-a381-25faf672b005,58b8126a-2d2f-4f55-bc98-5b6784800bed,5fa5b385-f8a4-478b-8b29-369ef65c8792,POR1008,750.000,ml,20,6,0,true,2025-10-18T13:43:39.548+00:00,2025-10-22T03:34:23.270883+00:00,,,0,false
38064621-67ac-488e-ba5a-0e6f68e6b85b,58b8126a-2d2f-4f55-bc98-5b6784800bed,3626ef7e-82ee-4174-aee3-e2b7e9ef4a8c,POR1009,750.000,ml,20,6,0,true,2025-10-18T13:43:39.695+00:00,2025-10-22T03:34:23.270883+00:00,,,0,false
9ca21dbb-eeb6-44df-93b3-ad54efe7c510,58b8126a-2d2f-4f55-bc98-5b6784800bed,45820f14-01e8-40cc-8046-a6faee8fb876,POR1010,750.000,ml,20,6,0,true,2025-10-18T13:43:39.841+00:00,2025-10-22T03:34:23.270883+00:00,,,0,false
12b33f86-c201-430e-8198-711c8f4ef676,58b8126a-2d2f-4f55-bc98-5b6784800bed,ea3d6e1d-9be1-4a0e-855e-e833e225e3df,POR1013,500.000,ml,20,6,0,true,2025-10-18T13:43:39.987+00:00,2025-10-22T03:34:23.270883+00:00,,,0,false
f4a30bf1-510f-4264-9c33-79c5e23a26f5,58b8126a-2d2f-4f55-bc98-5b6784800bed,f0978b24-b706-4127-8a76-9fcc1e94ee0a,POR1014,500.000,ml,20,6,0,true,2025-10-18T13:43:40.137+00:00,2025-10-22T03:34:23.270883+00:00,,,0,false
cc7ccd29-eff2-4b2d-b865-e1c8c0ac9e7e,58b8126a-2d2f-4f55-bc98-5b6784800bed,02a90abc-2789-41c9-8ee0-c13850572d81,POR1034,500.000,ml,19,6,0,true,2025-10-18T13:43:40.438+00:00,2025-10-22T03:34:23.270883+00:00,,,0,false
0dcafdd6-bce6-4195-a7b2-d7b40f579215,58b8126a-2d2f-4f55-bc98-5b6784800bed,4db1935c-d653-406c-841c-28d1332e6859,POR1015,500.000,ml,19,1,0,true,2025-10-18T13:43:40.587+00:00,2025-10-22T03:34:23.270883+00:00,,,0,false
25e0ac89-2e0a-47f6-b9d5-9a2f30876f6c,58b8126a-2d2f-4f55-bc98-5b6784800bed,b5471ae3-2345-4544-83d3-04ee1a4566d0,POR1016,500.000,ml,19,1,0,true,2025-10-18T13:43:40.737+00:00,2025-10-22T03:34:23.270883+00:00,,,0,false
592eae54-67d1-4777-8772-02fa767fdf4c,58b8126a-2d2f-4f55-bc98-5b6784800bed,ff5a8984-2aa8-432b-a2ed-bb3d2f3b9dc1,POR1003,750.000,ml,12.65,12,0,true,2025-10-18T13:43:40.897+00:00,2025-10-22T03:34:23.270883+00:00,,,0,false
a2f29c70-daaf-45a5-a63f-73dd8e8ace04,58b8126a-2d2f-4f55-bc98-5b6784800bed,b9ca917b-40d0-45e4-998c-7602ac06d7ec,POR1028,750.000,ml,12.5,6,0,true,2025-10-18T13:43:41.202+00:00,2025-10-22T03:34:23.270883+00:00,,,0,false
15299ba4-f0ed-41f4-b7ee-682ee8cbd730,58b8126a-2d2f-4f55-bc98-5b6784800bed,b288fd84-499e-4564-a116-0275306fa723,SPA1063,750.000,ml,13,12,0,true,2025-10-18T13:43:41.643+00:00,2025-10-22T03:34:23.270883+00:00,,,0,false
78a02175-7115-4657-b367-db222d1ad19e,58b8126a-2d2f-4f55-bc98-5b6784800bed,4ef21eeb-d726-4e96-96ad-0d9b56f7c930,SAF1064,750.000,ml,,6,0,true,2025-10-18T13:43:41.79+00:00,2025-10-22T03:34:23.270883+00:00,,,0,false
7bd57b93-5f4a-4254-9846-1023283cbfa6,58b8126a-2d2f-4f55-bc98-5b6784800bed,9e4f506d-2f77-4cf8-ac31-2c5174bf55ed,CAL1305,750.000,ml,,12,0,true,2025-10-18T13:43:41.939+00:00,2025-10-22T03:34:23.270883+00:00,,,0,false
181e6b20-0337-44e6-b5c7-905a830d3b6f,58b8126a-2d2f-4f55-bc98-5b6784800bed,ca4b1caa-ab21-4761-b817-88ae1f8ebc2d,CAL1306,750.000,ml,,12,0,true,2025-10-18T13:43:42.1+00:00,2025-10-22T03:34:23.270883+00:00,,,0,false
5fe1c49a-c66e-429d-863b-6c726f1af247,58b8126a-2d2f-4f55-bc98-5b6784800bed,e96fce45-a2da-44f6-9ffc-c02c9c0060a9,CAL1307,750.000,ml,,12,0,true,2025-10-18T13:43:42.244+00:00,2025-10-22T03:34:23.270883+00:00,,,0,false
17cd8f58-e0bd-4a46-8804-0e310f23b714,58b8126a-2d2f-4f55-bc98-5b6784800bed,1703f685-a818-4488-9b06-c4ae2578e571,CAL1235,750.000,ml,13.7,12,0,true,2025-10-18T13:43:42.397+00:00,2025-10-22T03:34:23.270883+00:00,,,0,false
2d3d1ca9-e7cb-4684-a8ea-a9fbc6e2d724,58b8126a-2d2f-4f55-bc98-5b6784800bed,db0659bd-6a7f-4239-8997-61475040ed83,CAL1240,750.000,ml,14,12,0,true,2025-10-18T13:43:42.997+00:00,2025-10-22T03:34:23.270883+00:00,,,0,false
038b07c7-b7bf-45cc-9fdd-68f3a1574436,58b8126a-2d2f-4f55-bc98-5b6784800bed,cc71e770-3e1a-4473-8c27-9490d11c81bd,CAL1269,20.000,l,,1,0,true,2025-10-18T13:43:43.449+00:00,2025-10-22T03:34:23.270883+00:00,,,0,false
dffc9217-525d-4cf4-b6dc-9be9ea7f9ad4,58b8126a-2d2f-4f55-bc98-5b6784800bed,9468268c-357a-4d7b-8aed-105486fb76e8,CAL1275,1.000,each,,1,0,true,2025-10-18T13:43:43.594+00:00,2025-10-22T03:34:23.270883+00:00,,,0,false
0bd75568-523e-4b93-abb1-d6cb0d1d78a7,58b8126a-2d2f-4f55-bc98-5b6784800bed,196a6a2d-e993-49ce-998e-9f2ab0760d8d,CAL1271,20.000,l,,1,0,true,2025-10-18T13:43:44.189+00:00,2025-10-22T03:34:23.270883+00:00,,,0,false
6a9be919-ab79-4d49-ab34-66f8c55ceb6f,58b8126a-2d2f-4f55-bc98-5b6784800bed,5e29bf5f-8312-4ccd-996e-6b193f3569c2,SAF1014,750.000,ml,13.5,12,0,true,2025-10-18T13:43:48.533+00:00,2025-10-22T03:34:23.270883+00:00,,,0,false
10baeef4-1bda-4a01-a738-c5f14fcd572a,58b8126a-2d2f-4f55-bc98-5b6784800bed,5238f3b1-f37a-4a19-982c-8bb2f0d41fdf,CAL1239,750.000,ml,12,12,0,true,2025-10-18T13:43:44.482+00:00,2025-10-22T03:34:23.270883+00:00,,,0,false
d79b9d11-a006-4d1c-a1ed-aec444cfe63c,58b8126a-2d2f-4f55-bc98-5b6784800bed,5ad75622-e7e3-480f-8846-fbf61df25bcf,CAL1277,20.000,l,,1,0,true,2025-10-18T13:43:44.932+00:00,2025-10-22T03:34:23.270883+00:00,,,0,false
1dd7b69c-c33a-4caa-8247-d703ab3ba17b,58b8126a-2d2f-4f55-bc98-5b6784800bed,758e0459-0e94-4094-8968-ff07b10f43eb,CAL1342,750.000,ml,,12,0,true,2025-10-18T13:43:45.089+00:00,2025-10-22T03:34:23.270883+00:00,,,0,false
d8590788-ce3b-4782-a6e3-6b7686eb28f4,58b8126a-2d2f-4f55-bc98-5b6784800bed,df640825-b12d-41ff-bae9-c919eb266ecc,SAF1060,750.000,ml,13,12,0,true,2025-10-18T13:43:48.829+00:00,2025-10-22T03:34:23.270883+00:00,,,0,false
908bcf26-076f-4efb-8003-ca4a9c486cb6,58b8126a-2d2f-4f55-bc98-5b6784800bed,154c4918-84d3-4ee7-8f4a-202e90604a27,SAF1038,750.000,ml,13.5,12,0,true,2025-10-18T13:43:48.98+00:00,2025-10-22T03:34:23.270883+00:00,,,0,false
53217b27-6f30-4554-bf5e-4bdeff5f7232,58b8126a-2d2f-4f55-bc98-5b6784800bed,53ced72f-cf99-46c4-ae0e-fafb47b3f8e8,CAL1238,750.000,ml,13,12,0,true,2025-10-18T13:43:45.237+00:00,2025-10-22T03:34:23.270883+00:00,,,0,false
f9ac404f-fd77-4264-9f4d-80acd6b0b39e,58b8126a-2d2f-4f55-bc98-5b6784800bed,83666cb4-533e-486a-a804-f3479cadd9e0,CAL1270,20.000,l,,1,0,true,2025-10-18T13:43:45.831+00:00,2025-10-22T03:34:23.270883+00:00,,,0,false
67f4349f-fe7d-44c7-9eda-732beaaa6fb4,58b8126a-2d2f-4f55-bc98-5b6784800bed,457eee49-0bce-46d1-9018-c547794e9c9c,CAL1233,750.000,ml,11,12,0,true,2025-10-18T13:43:45.977+00:00,2025-10-22T03:34:23.270883+00:00,,,0,false
e182e71f-5ff1-4d79-ab6c-8e5c09aac9f8,58b8126a-2d2f-4f55-bc98-5b6784800bed,46318ccb-719b-40e6-a16a-0aeae9cf442c,SAF1039,750.000,ml,13,12,0,true,2025-10-18T13:43:49.128+00:00,2025-10-22T03:34:23.270883+00:00,,,0,false
60bfcb91-4ff0-42d0-a3c3-26f2e5f976df,58b8126a-2d2f-4f55-bc98-5b6784800bed,ec62f8ae-69c0-4ac6-af50-2d27462a1ba8,AUS1010,750.000,ml,13.9,12,0,true,2025-10-18T13:43:46.275+00:00,2025-10-22T03:34:23.270883+00:00,,,0,false
aa8d8c0b-9af5-40ad-854d-2416ad9f627e,58b8126a-2d2f-4f55-bc98-5b6784800bed,ed594905-4342-4ec6-b437-b900f404e994,AUS1011,750.000,ml,14.3,12,0,true,2025-10-18T13:43:46.719+00:00,2025-10-22T03:34:23.270883+00:00,,,0,false
59e247d5-f327-49c8-9f84-bbaef97e6969,58b8126a-2d2f-4f55-bc98-5b6784800bed,91e6e22c-b595-46a7-bde1-be04c71d3216,SAF1018,750.000,ml,14.5,12,0,true,2025-10-18T13:43:47.311+00:00,2025-10-22T03:34:23.270883+00:00,,,0,false
4c56e915-c9d5-4d8f-ae44-b2f0b4499f63,58b8126a-2d2f-4f55-bc98-5b6784800bed,10d3b2a3-275a-4a1d-abb0-b29fdc41784c,SAF1021,750.000,ml,14.5,6,0,true,2025-10-18T13:43:49.571+00:00,2025-10-22T03:34:23.270883+00:00,,,0,false
72b0a939-d8fa-4f27-9e5b-b5249a7124b3,58b8126a-2d2f-4f55-bc98-5b6784800bed,1207ca5d-6c23-4756-949a-1a62d4e01446,SAF1019,750.000,ml,14.5,12,0,true,2025-10-18T13:43:49.865+00:00,2025-10-22T03:34:23.270883+00:00,,,0,false
542fb2d1-4b16-48b3-bf40-605588c44fcd,58b8126a-2d2f-4f55-bc98-5b6784800bed,77a7c824-8bcd-41d7-8a12-5c2e00f69ea3,SPA1070,750.000,ml,13,12,0,true,2025-10-18T13:43:50.468+00:00,2025-10-22T03:34:23.270883+00:00,,,0,false
a083b033-525c-449d-92bd-efc434d3c0f3,58b8126a-2d2f-4f55-bc98-5b6784800bed,ea0dfff3-8a5a-4716-8799-9ffbe6d3a35e,SPA1078,750.000,ml,14,12,0,true,2025-10-18T13:43:51.071+00:00,2025-10-22T03:34:23.270883+00:00,,,0,false
0cc5f131-34b6-4932-bdec-b47e02625873,58b8126a-2d2f-4f55-bc98-5b6784800bed,8d8a72b5-e3cc-4399-9209-ef8bd0cfec71,SPA1082,750.000,ml,13.5,12,0,true,2025-10-18T13:43:51.217+00:00,2025-10-22T03:34:23.270883+00:00,,,0,false
7413a58e-e613-4968-8c52-5234fc60987f,58b8126a-2d2f-4f55-bc98-5b6784800bed,c5fe032e-e69a-44c9-90a5-facae1d6f526,ITA1052,750.000,ml,,12,0,true,2025-10-18T13:43:51.51+00:00,2025-10-22T03:34:23.270883+00:00,,,0,false
5156aa0c-e8bc-4c77-9cf2-519195915d94,58b8126a-2d2f-4f55-bc98-5b6784800bed,c5e022e2-2d1a-4aa9-bee0-1235099ba691,ITA1055,750.000,ml,,12,0,true,2025-10-18T13:43:51.809+00:00,2025-10-22T03:34:23.270883+00:00,,,0,false
52e452e1-d3ea-41ec-af71-7285f0aa4c11,58b8126a-2d2f-4f55-bc98-5b6784800bed,2b5d28b3-aac0-4ecf-8d6d-c5d878997405,ITA1051,750.000,ml,,12,0,true,2025-10-18T13:43:51.953+00:00,2025-10-22T03:34:23.270883+00:00,,,0,false
6ee58f3a-8d88-4bd5-8483-e53abc764735,58b8126a-2d2f-4f55-bc98-5b6784800bed,6b7c3b4a-197e-4097-944c-1afe4fb1d19f,ITA1053,750.000,ml,,12,0,true,2025-10-18T13:43:52.121+00:00,2025-10-22T03:34:23.270883+00:00,,,0,false
7b9feb1c-5ba9-440c-bb3b-50bf5220e0b8,58b8126a-2d2f-4f55-bc98-5b6784800bed,af254c83-a946-4ae4-82a3-68fd196dac67,ITA1054,750.000,ml,,12,0,true,2025-10-18T13:43:52.268+00:00,2025-10-22T03:34:23.270883+00:00,,,0,false
e6dfe890-afd8-4ccb-865c-c619add2a9bd,58b8126a-2d2f-4f55-bc98-5b6784800bed,63376f20-9a35-43ee-9b42-9baeae1f142b,SPA1113,750.000,ml,14,12,0,true,2025-10-18T13:43:52.414+00:00,2025-10-22T03:34:23.270883+00:00,,,0,false
4e8d71ba-4435-4273-b1b4-9155e2170c56,58b8126a-2d2f-4f55-bc98-5b6784800bed,8187e1b0-e89e-443d-abca-4bb87fa77889,CAL1174,750.000,ml,,12,0,true,2025-10-18T13:44:01.454+00:00,2025-10-22T03:34:23.270883+00:00,,,0,false
75f764c0-6b8f-4945-9178-616e605787b6,58b8126a-2d2f-4f55-bc98-5b6784800bed,bda54915-d841-43ee-9b17-f138cc490892,SPA1192,750.000,ml,14,12,0,true,2025-10-18T13:43:52.715+00:00,2025-10-22T03:34:23.270883+00:00,,,0,false
e563a79d-2450-4069-b682-689d91658a51,58b8126a-2d2f-4f55-bc98-5b6784800bed,29b0ed5a-cae6-4cb6-9f16-6d060ebb856f,SPA1105,750.000,ml,13.5,12,0,true,2025-10-18T13:43:53.317+00:00,2025-10-22T03:34:23.270883+00:00,,,0,false
b2e32ded-c183-4d78-896b-ae4a8da71bcf,58b8126a-2d2f-4f55-bc98-5b6784800bed,04663a28-9164-4f5b-a7c9-29dedbf1b43d,SPA1104,750.000,ml,13,12,0,true,2025-10-18T13:43:53.47+00:00,2025-10-22T03:34:23.270883+00:00,,,0,false
d8a0ed6b-b601-4b78-a18e-2ee88c50574c,58b8126a-2d2f-4f55-bc98-5b6784800bed,580a7552-02c1-4711-a904-da9a5d60a160,SPA1106,750.000,ml,14,12,0,true,2025-10-18T13:43:53.77+00:00,2025-10-22T03:34:23.270883+00:00,,,0,false
ad9b3bef-2076-4fad-9416-61fa62517bb5,58b8126a-2d2f-4f55-bc98-5b6784800bed,ead64552-f248-43bc-9e76-766dc4dbcdf6,SPA1164,750.000,ml,13,12,0,true,2025-10-18T13:43:53.921+00:00,2025-10-22T03:34:23.270883+00:00,,,0,false
47f2c186-079e-46f2-af85-8f5407ce02fa,58b8126a-2d2f-4f55-bc98-5b6784800bed,8ac88c5f-e27a-4f0e-a3d2-ec9ceba41028,SPA1290,750.000,ml,14.5,6,0,true,2025-10-18T13:43:54.107+00:00,2025-10-22T03:34:23.270883+00:00,,,0,false
79be075b-b440-4566-895f-cc4a0f692dca,58b8126a-2d2f-4f55-bc98-5b6784800bed,02ed454f-2de7-48aa-bc3a-7675e3a9134e,SPA1291,750.000,ml,13.5,6,0,true,2025-10-18T13:43:54.251+00:00,2025-10-22T03:34:23.270883+00:00,,,0,false
fd9041d1-d424-4a64-b73a-1dc037a47e9c,58b8126a-2d2f-4f55-bc98-5b6784800bed,b5461117-bb19-49c4-9bc9-49e19c972a5a,SPA1289,750.000,ml,14.3,6,0,true,2025-10-18T13:43:54.547+00:00,2025-10-22T03:34:23.270883+00:00,,,0,false
58d031c2-0cd1-4e20-becc-787e5d1a4e95,58b8126a-2d2f-4f55-bc98-5b6784800bed,788d93a4-ff9c-424f-969a-f7a1f3ee4cda,SPA1292,750.000,ml,14,6,0,true,2025-10-18T13:43:54.853+00:00,2025-10-22T03:34:23.270883+00:00,,,0,false
57d48030-6bdf-4841-bd60-ff4edcd0e184,58b8126a-2d2f-4f55-bc98-5b6784800bed,b8b3ed51-c6fd-4e4b-ba4b-a6f7e5af187f,SPA1288,750.000,ml,13.5,6,0,true,2025-10-18T13:43:55.01+00:00,2025-10-22T03:34:23.270883+00:00,,,0,false
cb9431c1-1a7f-4527-9c1e-55bebddef7c2,58b8126a-2d2f-4f55-bc98-5b6784800bed,ac929e4f-afb0-41b0-91ee-2b09b188946e,ORO1003,750.000,ml,14.2,12,0,true,2025-10-18T13:43:55.301+00:00,2025-10-22T03:34:23.270883+00:00,,,0,false
627e0d34-46a6-4cd4-b293-b143180a7671,58b8126a-2d2f-4f55-bc98-5b6784800bed,10c2b39e-fdc9-485f-95ab-6050b6d947c6,ORO1002,750.000,ml,14.2,12,0,true,2025-10-18T13:43:55.598+00:00,2025-10-22T03:34:23.270883+00:00,,,0,false
42a07d83-0d1a-4c37-89fa-2d8b22fbd2bc,58b8126a-2d2f-4f55-bc98-5b6784800bed,e62af3fe-c3dc-4f71-ae5f-c3676000c440,ITA1061,750.000,ml,13,12,0,true,2025-10-18T13:43:55.748+00:00,2025-10-22T03:34:23.270883+00:00,,,0,false
9ce7ee4d-e09c-4c43-89ef-d1ba6f041d35,58b8126a-2d2f-4f55-bc98-5b6784800bed,ce8d496f-ca28-4f29-98c4-a108925b171d,NWZ1010,750.000,ml,13.5,12,0,true,2025-10-18T13:43:56.074+00:00,2025-10-22T03:34:23.270883+00:00,,,0,false
eb1c09ad-d758-4bd8-9e99-32c282bc5d78,58b8126a-2d2f-4f55-bc98-5b6784800bed,2b66b9e0-77a1-4219-8b9c-b29785c564f3,NWZ1009,750.000,ml,13.5,12,0,true,2025-10-18T13:43:56.368+00:00,2025-10-22T03:34:23.270883+00:00,,,0,false
43cf65ef-3c14-44b2-8b33-83f140b1354d,58b8126a-2d2f-4f55-bc98-5b6784800bed,f365482c-9c7a-437e-9380-1e04ecd4cd90,NWZ1011,750.000,ml,13.5,12,0,true,2025-10-18T13:43:56.514+00:00,2025-10-22T03:34:23.270883+00:00,,,0,false
c76e929f-e11f-4572-af11-b42fd9e7f1f5,58b8126a-2d2f-4f55-bc98-5b6784800bed,f06e9919-fab1-45ae-8335-e3a9942f6d48,NWZ1008,750.000,ml,12.5,12,0,true,2025-10-18T13:43:56.66+00:00,2025-10-22T03:34:23.270883+00:00,,,0,false
79e60a70-fdd8-4b00-bf90-16f0e2281855,58b8126a-2d2f-4f55-bc98-5b6784800bed,1b935c2c-09dc-4ce6-ab06-3e61dcaa905a,NWZ1015,750.000,ml,12.5,6,0,true,2025-10-18T13:43:57.248+00:00,2025-10-22T03:34:23.270883+00:00,,,0,false
d10effa2-7a64-41d0-abfb-38fdec5fdb6e,58b8126a-2d2f-4f55-bc98-5b6784800bed,faec10e4-5cdf-456d-81dc-ce8b33215748,NWZ1024,750.000,ml,13.5,6,0,true,2025-10-18T13:43:57.396+00:00,2025-10-22T03:34:23.270883+00:00,,,0,false
e928becc-7173-4644-b050-5e7dff4c1a94,58b8126a-2d2f-4f55-bc98-5b6784800bed,9c49e0bc-6ddf-43b6-b0fc-9eac4567b8c9,NWZ1020,750.000,ml,13.5,12,0,true,2025-10-18T13:43:57.697+00:00,2025-10-22T03:34:23.270883+00:00,,,0,false
3e64e25a-1d64-4734-88c2-d8f09f4d1c8f,58b8126a-2d2f-4f55-bc98-5b6784800bed,42cc5bc7-7e29-438f-8c8a-ecdb9cb28658,ENG1003,750.000,ml,12,6,0,true,2025-10-18T13:43:57.852+00:00,2025-10-22T03:34:23.270883+00:00,,,0,false
ec7b82cb-af3e-485c-a704-17aaa5cfa1b5,58b8126a-2d2f-4f55-bc98-5b6784800bed,b63ea801-e718-4be6-9b09-2007311b1ed4,ENG1001,750.000,ml,12,6,0,true,2025-10-18T13:43:58.006+00:00,2025-10-22T03:34:23.270883+00:00,,,0,false